run_id,iteration,k,lambda,q,n_cells,n_genes,learning_rate,training_objective,relative_reconstruction_error,mean_active_atoms,used_atoms,mean_atom_cosine_previous,min_atom_cosine_previous,relative_activity_change,mean_inner_steps,mean_row_steps,max_inner_steps,relative_gap,relative_margin_error,minimum_relative_gap,minimum_relative_residual_norm2,audit_max_refinement_steps,seconds_per_update,elapsed_seconds,peak_gpu_gib,audited,status,initial_coding_seconds,final_audit_seconds,last_update_weight_cap,loading_seconds,total_seconds,activity_nnz
efeb151d0e1d449d9247d92ad5bf7dde,0,240,0.01,1.0,1162565,23038,0.1,0.14870215779163276,0.27656417264387745,36.427416961632254,240,,,,3327.0525002903064,1912.6451166171364,3870,9.999998947953115e-06,9.998679161071777e-06,0.0,0.0,0,0.0,235.72097868600008,34.151591777801514,False,checkpoint,234.63674458400033,,,,,
efeb151d0e1d449d9247d92ad5bf7dde,50,240,0.01,1.0,1162565,23038,0.1,0.14856538559176236,0.2763163986523047,36.05551689582948,240,0.9965081444846572,0.9587313915451189,0.07719628317363882,260.341423146233,120.2089213076258,310,9.99999672435227e-06,9.994953870773315e-06,0.0,0.0,0,26.31845573575996,1561.242745284,36.363380908966064,False,checkpoint,,,,,,
efeb151d0e1d449d9247d92ad5bf7dde,100,240,0.01,1.0,1162565,23038,0.1,0.14854286337787337,0.2762817266876499,35.98051807855905,240,0.9989768498444431,0.976879063717224,0.05635617111284471,210.15934730531222,102.37172820444448,280,9.999999933360734e-06,9.994953870773315e-06,0.0,0.0,0,22.84857144128001,2713.2693496479997,36.363380908966064,False,checkpoint,,,,,,
efeb151d0e1d449d9247d92ad5bf7dde,150,240,0.01,1.0,1162565,23038,0.1,0.14852592228506659,0.27625887767480783,35.93745554012034,240,0.9992330350812676,0.9875822896953539,0.052789933695337604,203.8423441269954,99.74828125739207,290,9.999999813766285e-06,9.998679161071777e-06,0.0,0.0,0,22.408866116780047,3847.190100301,36.363380908966064,False,checkpoint,,,,,,
efeb151d0e1d449d9247d92ad5bf7dde,200,240,0.01,1.0,1162565,23038,0.1,0.1485115278325301,0.27624062489974344,35.91412953254227,240,0.9993544931511237,0.9884847888592228,0.05061528749047502,216.30285067931712,97.81522254669632,330,9.999999773772857e-06,9.998679161071777e-06,0.0,0.0,0,23.26199526757997,5022.4004048,36.363380908966064,False,checkpoint,,,,,,
efeb151d0e1d449d9247d92ad5bf7dde,250,240,0.01,1.0,1162565,23038,0.1,0.14849830443330778,0.27622208139626303,35.89696060005247,240,0.999412775812805,0.9797154438558655,0.04602583867770213,211.45146413318872,95.12922219402786,350,9.999998599285902e-06,9.998679161071777e-06,0.0,0.0,0,22.965198176079976,6185.207727274,36.363380908966064,False,checkpoint,,,,,,
efeb151d0e1d449d9247d92ad5bf7dde,300,240,0.01,1.0,1162565,23038,0.1,0.1484842258421102,0.2761977672929351,35.89268729060311,240,0.9993843569278226,0.9511767084921359,0.03947504340909299,197.6547344879643,91.73706812092227,360,9.999998646101157e-06,9.998679161071777e-06,0.0,0.0,0,21.9357325889602,7289.806190990001,36.363380908966064,False,checkpoint,,,,,,
efeb151d0e1d449d9247d92ad5bf7dde,350,240,0.01,1.0,1162565,23038,0.1,0.14847171528828687,0.2761768354709354,35.86671454929402,240,0.9994305230320207,0.9529309300472221,0.03601803947221335,196.31648621797495,89.06782605703768,260,9.999995962643585e-06,9.998679161071777e-06,0.0,0.0,0,21.88279702987991,8393.955152293,36.363380908966064,False,checkpoint,,,,,,
efeb151d0e1d449d9247d92ad5bf7dde,400,240,0.01,1.0,1162565,23038,0.1,0.14846364326646316,0.2761644331518709,35.844437945405204,240,0.9996330779721828,0.9876938484215884,0.03311565384870817,185.3448834258731,87.1240242050982,260,9.99999751895113e-06,9.998679161071777e-06,0.0,0.0,0,21.092766306459925,9459.070645122,36.363380908966064,False,checkpoint,,,,,,
efeb151d0e1d449d9247d92ad5bf7dde,450,240,0.01,1.0,1162565,23038,0.1,0.1484569895815838,0.2761534485481534,35.83493310051481,240,0.9997019473466385,0.9890888604540137,0.03172379815539535,183.50757075948448,85.99070004687908,260,9.999999944374202e-06,9.998679161071777e-06,0.0,0.0,0,20.92745244280006,10513.361622847,36.363380908966064,False,checkpoint,,,,,,
efeb151d0e1d449d9247d92ad5bf7dde,500,240,0.01,1.0,1162565,23038,0.1,0.14845073979757453,0.27614189947001594,35.834220022106294,240,0.9997210846167277,0.990023187824338,0.030528230220484807,179.3895021783727,84.91634377432659,230,9.99999597964292e-06,9.998679161071777e-06,0.0,0.0,0,20.666818394719993,11556.710353337,36.363380908966064,False,checkpoint,,,,,,
efeb151d0e1d449d9247d92ad5bf7dde,550,240,0.01,1.0,1162565,23038,0.1,0.14844461885945387,0.27612931233998866,35.84348143974746,240,0.9997284631015816,0.9915428569034848,0.02943243142166654,173.56544072804522,83.68876475723937,220,9.999997994960659e-06,9.994953870773315e-06,0.0,0.0,0,20.35863171952009,12585.051230269999,36.363380908966064,False,checkpoint,,,,,,
efeb151d0e1d449d9247d92ad5bf7dde,600,240,0.01,1.0,1162565,23038,0.1,0.1484382331464816,0.2761155217632422,35.85769311823425,240,0.9997179591459042,0.9916039780138852,0.028980089608515516,173.99553384111846,82.73846107529471,240,9.99999837920126e-06,9.998679161071777e-06,0.0,0.0,0,20.13337656970001,13599.557718799,36.363380908966064,False,checkpoint,,,,,,
efeb151d0e1d449d9247d92ad5bf7dde,650,240,0.01,1.0,1162565,23038,0.1,0.14843154162685315,0.27610209702865945,35.863374520994526,240,0.9997039940655273,0.9901292236193985,0.028676730499696126,180.47676508410265,81.93981239758638,260,9.999997596408864e-06,9.994953870773315e-06,0.0,0.0,0,20.636084563260084,14642.120479382,36.363380908966064,False,checkpoint,,,,,,
efeb151d0e1d449d9247d92ad5bf7dde,700,240,0.01,1.0,1162565,23038,0.1,0.14842461809615298,0.27609051759950787,35.85551775599644,240,0.9996934912148651,0.9871741013389521,0.028341544475110295,186.65308795637222,81.19860687359416,270,9.999999759810287e-06,9.998679161071777e-06,0.0,0.0,0,21.088883838000037,15707.536099100002,36.363380908966064,False,checkpoint,,,,,,
efeb151d0e1d449d9247d92ad5bf7dde,750,240,0.01,1.0,1162565,23038,0.1,0.14841751314890328,0.2760805878835234,35.82757695268651,240,0.9996849293651787,0.9843595230390587,0.028215016597805245,187.60177108376746,80.82734746014202,260,9.999998825905008e-06,9.998679161071777e-06,0.0,0.0,0,21.28487953032003,16782.511170548,36.363380908966064,False,checkpoint,,,,,,
efeb151d0e1d449d9247d92ad5bf7dde,800,240,0.01,1.0,1162565,23038,0.1,0.14841057734747026,0.2760715914893317,35.79007625380086,240,0.9996918055336471,0.9844233246236052,0.028312301854752107,180.88566024265276,80.71956922838723,260,9.999998280584441e-06,9.998679161071777e-06,0.0,0.0,0,20.830367134060143,17831.897191931,36.363380908966064,False,checkpoint,,,,,,
efeb151d0e1d449d9247d92ad5bf7dde,850,240,0.01,1.0,1162565,23038,0.1,0.14840438474479772,0.2760634701328088,35.75658651344226,240,0.9997226123415518,0.9891594703878726,0.027866680995197034,171.76199386700918,80.41409211527959,250,9.999999595336192e-06,9.998679161071777e-06,0.0,0.0,0,20.220329781499895,18855.433315619,36.363380908966064,False,checkpoint,,,,,,
efeb151d0e1d449d9247d92ad5bf7dde,900,240,0.01,1.0,1162565,23038,0.1,0.1483991066438331,0.27605690573849023,35.7310412751115,240,0.9997646196025121,0.99224462365295,0.027362713342809503,170.4358190724817,79.86122031886389,280,9.999997486467707e-06,9.994953870773315e-06,0.0,0.0,0,20.070334906360223,19869.638703698,36.363380908966064,False,checkpoint,,,,,,
efeb151d0e1d449d9247d92ad5bf7dde,950,240,0.01,1.0,1162565,23038,0.1,0.14839423461032455,0.27605099805225075,35.707764297050055,240,0.9997835057651876,0.9924658671551185,0.027655327363187193,174.34732217123317,79.64585928528727,260,9.999999591404902e-06,9.994953870773315e-06,0.0,0.0,0,20.378022855780074,20899.135730105,36.363380908966064,False,checkpoint,,,,,,
efeb151d0e1d449d9247d92ad5bf7dde,1000,240,0.01,1.0,1162565,23038,0.1,0.14838956341208145,0.27604485377970317,35.68758392003888,240,0.9997938370182516,0.9951664679695198,0.027754263103459898,169.38459888264293,79.58554369003024,230,9.999999721050679e-06,9.998679161071777e-06,0.0,0.0,0,20.001460430899968,21906.982115986,36.363380908966064,False,checkpoint,,,,,,
efeb151d0e1d449d9247d92ad5bf7dde,1050,240,0.01,1.0,1162565,23038,0.1,0.1483846086804153,0.27603763588745744,35.67819175702004,240,0.9997817746206366,0.9940697329610553,0.028947008989951638,171.7562398661578,79.84618700889843,230,9.999997656248985e-06,9.994953870773315e-06,0.0,0.0,0,20.16792135802003,22926.711607085,36.363380908966064,False,checkpoint,,,,,,
efeb151d0e1d449d9247d92ad5bf7dde,1100,240,0.01,1.0,1162565,23038,0.1,0.14837955092445698,0.27603003115136837,35.66797899472287,240,0.9997756139947297,0.9949474937356413,0.02961051093188094,173.38763664827314,79.88015414191895,270,9.999999392147638e-06,9.994953870773315e-06,0.0,0.0,0,20.31472722944025,23955.137813941,36.363380908966064,False,checkpoint,,,,,,
efeb151d0e1d449d9247d92ad5bf7dde,1150,240,0.01,1.0,1162565,23038,0.1,0.1483748248788552,0.27602312433400833,35.65892315698477,240,0.9997893506819705,0.9928557875604782,0.02812669415163303,172.39416841208848,79.32435278887633,260,9.9999984673222e-06,9.998679161071777e-06,0.0,0.0,0,20.184601413179845,24972.233377993998,36.363380908966064,False,checkpoint,,,,,,
efeb151d0e1d449d9247d92ad5bf7dde,1200,240,0.01,1.0,1162565,23038,0.1,0.1483704142561302,0.2760162235356335,35.65367527837153,240,0.9998050207588737,0.9915138339950728,0.026026351051358233,166.73546786631258,78.96791852498568,220,9.999999784391828e-06,9.998679161071777e-06,0.0,0.0,0,19.815659086339803,25972.745566264,36.363380908966064,False,checkpoint,,,,,,
efeb151d0e1d449d9247d92ad5bf7dde,1250,240,0.01,1.0,1162565,23038,0.1,0.14836570733724647,0.2760077303394749,35.65147239079105,240,0.9997938672358093,0.9922060222416591,0.026709309981200583,164.12536451725248,80.05646084304963,220,9.9999979270597e-06,9.998679161071777e-06,0.0,0.0,0,19.56564733759995,26958.87517673,36.363380908966064,False,checkpoint,,,,,,
efeb151d0e1d449d9247d92ad5bf7dde,1300,240,0.01,1.0,1162565,23038,0.1,0.14836065951523153,0.2759982366404806,35.641386933203734,240,0.9997767121047798,0.9905096805039998,0.028284853005105148,164.31037696816912,81.46568492944479,240,9.99999951681047e-06,9.998679161071777e-06,0.0,0.0,0,19.462037899239984,27934.311001692,36.362494468688965,False,checkpoint,,,,,,
efeb151d0e1d449d9247d92ad5bf7dde,1350,240,0.01,1.0,1162565,23038,0.1,0.14835627511978505,0.2759908500215207,35.62074464653589,240,0.9998025235572149,0.9928661990420786,0.02684588684963501,160.49842718471612,80.51450525346971,230,9.999999545022775e-06,9.998679161071777e-06,0.0,0.0,0,19.188106464799947,28903.650970885,36.362494468688965,False,checkpoint,,,,,,
efeb151d0e1d449d9247d92ad5bf7dde,1400,240,0.01,1.0,1162565,23038,0.1,0.14835283724746084,0.2759848190864952,35.603801937956156,240,0.9998452692098485,0.995925961924516,0.023917164142403115,153.57231191374206,77.71013990615579,210,9.999999718143123e-06,9.994953870773315e-06,0.0,0.0,0,18.71449947664001,29846.715750245,36.362494468688965,False,checkpoint,,,,,,
efeb151d0e1d449d9247d92ad5bf7dde,1450,240,0.01,1.0,1162565,23038,0.1,0.14834991625613675,0.27597838961824234,35.59485104058698,240,0.9998695331870636,0.9943462538994381,0.021587995265479082,147.63148555134512,75.22552906719193,200,9.999995328340393e-06,9.998679161071777e-06,0.0,0.0,0,18.392916259279993,30776.181374881002,36.362494468688965,False,checkpoint,,,,,,
efeb151d0e1d449d9247d92ad5bf7dde,1500,240,0.01,1.0,1162565,23038,0.1,0.14834732222754402,0.2759717160469192,35.59223699320038,240,0.9998840018982854,0.9931397648733826,0.019725422101082943,140.83970083393154,73.45372069518693,200,9.999999918288886e-06,9.994953870773315e-06,0.0,0.0,0,17.832727235380005,31675.626458484,36.362494468688965,False,checkpoint,,,,,,
efeb151d0e1d449d9247d92ad5bf7dde,1550,240,0.01,1.0,1162565,23038,0.1,0.14834515887028746,0.2759657578857662,35.594724596044095,240,0.9999028278605551,0.9946350347348685,0.017985900096122456,134.39876376804725,71.9086464842826,210,9.99999330315641e-06,9.998679161071777e-06,0.0,0.0,0,17.384511526999905,32552.498877243997,36.362494468688965,False,checkpoint,,,,,,
efeb151d0e1d449d9247d92ad5bf7dde,1600,240,0.01,1.0,1162565,23038,0.1,0.14834334085048664,0.27596053134388265,35.60054706618555,240,0.999919460297052,0.9973196256557368,0.017222558279041428,134.77281201481193,70.7825563301837,220,9.999995751703157e-06,9.998679161071777e-06,0.0,0.0,0,17.451377612980032,33432.596487638,36.362494468688965,False,checkpoint,,,,,,
efeb151d0e1d449d9247d92ad5bf7dde,1650,240,0.01,1.0,1162565,23038,0.1,0.1483414977179323,0.2759551502870787,35.613084859771284,240,0.9999201294941051,0.9959778205631767,0.01862148879566886,142.6911570535839,70.68014657244971,200,9.99999995013323e-06,9.994953870773315e-06,0.0,0.0,0,17.975944460899992,34342.533655823,36.362494468688965,False,checkpoint,,,,,,
efeb151d0e1d449d9247d92ad5bf7dde,1700,240,0.01,1.0,1162565,23038,0.1,0.14833925105429274,0.27594906646635164,35.62816444671911,240,0.9999032432363132,0.9927242233577007,0.022356705718688596,158.9673984680425,71.53983871869528,260,9.99999730375339e-06,9.998679161071777e-06,0.0,0.0,0,19.14980283327983,35308.027789907,36.362494468688965,False,checkpoint,,,,,,
efeb151d0e1d449d9247d92ad5bf7dde,1750,240,0.01,1.0,1162565,23038,0.1,0.14833668558179988,0.27594318502251086,35.64101792157858,240,0.9998871787260764,0.9908320567600022,0.026003698065799073,174.15515416342294,72.26512668108879,260,9.999998938726405e-06,9.998679161071777e-06,0.0,0.0,0,20.183722543879885,36325.030701422,36.362494468688965,False,checkpoint,,,,,,
efeb151d0e1d449d9247d92ad5bf7dde,1800,240,0.01,1.0,1162565,23038,0.1,0.148334432859754,0.2759387491467214,35.64203635925733,240,0.9998987315983842,0.9926798289043413,0.024664509505052633,166.2439949594215,71.11171917269142,240,9.999992509975448e-06,9.998679161071777e-06,0.0,0.0,0,19.639756663819934,37316.688690888,36.362494468688965,False,checkpoint,,,,,,
efeb151d0e1d449d9247d92ad5bf7dde,1850,240,0.01,1.0,1162565,23038,0.1,0.14833275595983464,0.2759357722252468,35.64273739532843,240,0.9999242671431543,0.9954895127301828,0.020719024040909848,148.73175469758647,68.41565985557797,210,9.999999360586364e-06,9.998679161071777e-06,0.0,0.0,0,18.3961867839799,38244.391745114,36.362494468688965,False,checkpoint,,,,,,
efeb151d0e1d449d9247d92ad5bf7dde,1900,240,0.01,1.0,1162565,23038,0.1,0.14833149131540363,0.2759337088396366,35.64275287833368,240,0.9999433042226616,0.9972014987467565,0.018019175737624,137.89583670590423,65.70936025082467,200,9.999999707139127e-06,9.998679161071777e-06,0.0,0.0,0,17.67463749385999,39139.091827926,36.362494468688965,False,checkpoint,,,,,,
efeb151d0e1d449d9247d92ad5bf7dde,1950,240,0.01,1.0,1162565,23038,0.1,0.14833050471502027,0.2759321905390507,35.64317694064418,240,0.9999559874912232,0.9981079380920523,0.015959807237040373,132.41538649451834,63.24441042006253,180,9.999999674209892e-06,9.998679161071777e-06,0.0,0.0,0,17.335334224579928,40018.697602500004,36.362494468688965,False,checkpoint,,,,,,
efeb151d0e1d449d9247d92ad5bf7dde,2000,240,0.01,1.0,1162565,23038,0.1,0.1483297542058815,0.2759311366532799,35.64331198685665,240,0.9999654140310451,0.9986331935984565,0.014051500762422944,126.80827033327152,60.85103731834349,170,1.2060097384437667e-05,1.074373722076416e-05,3.695001419424402e-07,0.0,0,16.93573369178026,40892.62572171,36.362494468688965,True,complete,,18.837973631998466,0.887249231338501,452.61767394900016,41402.027436271004,41437667.0
