method,seed,n_observations,noise_sd,alpha,cap_quantile,final_cap,angles_deg,matched_atoms,cosine_8deg,cosine_35deg,cosine_84deg,mean_all_three,iterations,relative_gap,relative_margin_error,atoms_json,observations_json,truth_json,plot_settings_json,center_json
PCA,0,400,0.02,,,,"60.70, 150.70",2,0.7954362515102409,,0.9184220799598473,,,,,"[[0.8720392064266012, -0.48943602488462545], [0.48943602488462545, 0.8720392064266012]]","[[0.2668391101222068, 0.6114660515713977], [0.27940308918230417, 0.20064208978081013], [0.5980852529460952, 0.4263575109282859], [0.3964745453598323, 0.05884439874078139], [0.6618804564306483, 0.09219003962087781], [0.6717180425394914, 0.11954590715331875], [1.2471406764042072, 0.347068121861735], [0.23338765707332004, 0.03762311910687735], [0.6691955003891733, 0.793369135098756], [0.3666308407713108, 0.985920416316417], [0.31241611200959857, 0.2278078184117186], [0.05966408170962251, 0.5151240056251305], [0.6908223118659114, 0.22369422609873257], [0.6394140125579909, 0.4140239102804827], [0.019617365878469593, 0.2878825264831066], [0.029168869426754184, 0.5391052860797129], [0.7457646744447552, 0.5109731237295135], [0.5385739931813146, 0.9957863174387253], [0.815395127128548, 1.3557282572247087], [0.06868541350894891, 0.7929757891376474], [0.9476018498943114, 0.14554644602168904], [0.05806731916777262, 0.321188066178896], [0.32526687858882036, 0.2727572856167029], [0.2443102901905963, 0.039633425714953166], [0.7328657745716923, 0.4723431107445873], [0.1409752464778039, 0.7703251208851467], [0.5185264873207398, 0.3222155527582309], [0.3363344076729149, 0.003513333999248053], [0.11104551221132371, 0.6961409652472872], [0.055709362993606446, 0.4751761771024931], [0.34092297336963223, 0.8043635331910293], [0.5342407587280482, 0.07706636726069242], [0.6517792018072932, 0.6346589491557598], [0.9758304117657982, 0.9625661510876945], [0.3826924059240243, 0.7053245469628288], [0.5353270276093482, 0.4128846701887406], [0.34801542872704094, 0.055431729797389716], [0.8418867886735925, 0.07194671122555957], [0.5531961126298605, 0.9487686138063489], [0.8075497505641394, 0.565563424525044], [0.28949227571678576, 0.20473200454612758], [1.0430888300792418, 0.6268188382337923], [0.8221091523703058, 0.10485292837306416], [0.619656893916221, 0.05431256295684069], [0.85944605436757, 0.12064050305376652], [0.10973551684062331, 0.7047668361802023], [0.591379055398813, 0.3844955187288309], [1.1188660151304883, 0.609185983253316], [0.263978646414036, 0.3955196422522214], [0.6950009132643843, 0.4823351278802129], [0.02064783402700837, 0.5213410105449562], [0.38259006293035364, 0.2739855173665739], [0.8442871569640491, 0.5842080464566064], [1.0479736089441478, 0.9689397129864457], [0.04021604930468491, 0.5845153375709194], [0.0321218190098497, 0.5171566719405534], [0.754144753197822, 0.7011888751552635], [0.14171626972766366, 0.2969575894652522], [0.38573229412578264, 0.8035767467824911], [0.6915252199208006, 0.4884758823521873], [0.09498513147608731, 0.8154154868860914], [0.582217370913307, 0.8418045016253419], [0.0772550516455962, 0.8722877655048562], [0.30679474825798375, 0.20543255107397967], [0.27798089143974186, 0.6366522723587777], [0.5014185861641609, 0.07378952307388083], [0.5505421335870616, 0.4031979408313804], [0.5971565308800573, 0.7114494898466133], [0.7459136675976342, 0.6250950010110106], [0.1893748818546999, 0.13189469284396996], [0.6547256121464655, 0.4377077970018934], [0.8504424084495419, 0.12140082785412767], [0.26134761058138567, 0.18852907504021468], [0.686479590618212, 0.8930405397033073], [0.7252527059991994, 1.3490210313375781], [0.34728789218214395, 1.1880601724777466], [0.8732495808025542, 0.13439217584830834], [0.5560426070292432, 0.89943322936668], [0.7684973639440144, 0.5861613061325628], [0.7954866871573051, 0.5098572845709701], [0.5266151500357726, 0.9429185328764292], [0.6475517128726385, 0.5559982042173862], [0.9070139145740694, 0.08424950518070914], [0.5681063573790881, 0.08737084084702923], [0.3802396125047919, 1.0873803210480073], [0.6883759335897622, 1.001022579496245], [0.352124566906785, 0.23755808164635867], [0.661573532914902, 0.45992763864617814], [0.06256948312573128, 0.6308921223606065], [0.21447728059266044, 0.15942170598598585], [0.6163250078363992, 1.0408402432375572], [0.6653287707630257, 0.7177471374274237], [0.591569338211361, 0.09445192404254014], [0.5025507041477061, 0.06643946728649536], [0.07045288338836984, 0.546345257484376], [0.6119103967310102, 0.8683053086536643], [0.2781801921862364, 0.06594610254726264], [0.9106070643551558, 0.151514187863523], [0.6117759645829577, 0.39914637741744696], [0.08186939621152728, 0.87839429233826], [0.739755625644985, 0.502010483267582], [0.2248479147049491, 0.759333360345814], [0.20490307011847889, 0.04106321085126467], [0.7776672065036025, 0.09601585393194828], [0.07896166961099846, 0.6438907756517009], [0.35531545530450326, 0.8960899750702205], [0.6495045040385853, 0.09723573613689457], [0.8267695971797419, 0.17088818566621125], [0.09985469028631633, 0.9828160239900082], [0.37676133400127654, 0.2750460655791659], [0.2747018099202106, 0.18514673446466556], [0.4805211046503155, 0.03729965145695178], [0.0864375090573287, 0.8016082367253968], [0.49532920455892077, 0.31268711946499833], [0.09053614916167463, 0.6909339748212671], [0.03033442582897691, 0.301769030251804], [0.0730292777003292, 0.8121241475817623], [0.38977029767107346, 0.0582256463329422], [0.0645281210642926, 0.34840944777776767], [0.9310680751227254, 0.7069666663228955], [0.5885862357926914, 0.8069575136961898], [0.48696591441953574, 0.35203485107761456], [0.7671157018542137, 0.9835380887739399], [0.25861607240007056, 0.05480494067511159], [0.6151828333343816, 0.8314343447562877], [0.4713355025239837, 0.08339474474724826], [0.26161927190726275, 0.1706651184654703], [0.6265327400066065, 0.8760286048458492], [0.030157217959351695, 0.48288013602549196], [0.4556922949103477, 0.08518592429778062], [0.06505221997091958, 0.9489255746086891], [0.06185933901692047, 0.37976762513051826], [0.07192131284622179, 0.6011799308864445], [0.25223088736351107, 0.0], [0.054186690568580484, 0.3390464517587499], [0.1066003484605424, 0.9070839743801494], [0.827410532991012, 0.13432400308042053], [0.5056758570930969, 0.3452944211744715], [0.661458079200641, 0.266826070558661], [0.6431825141852527, 0.1217420483632271], [0.20043101675438624, 0.14096875543913573], [0.6387595152108649, 0.4892116120965114], [0.052798637371849255, 0.7582436329796107], [0.8709934521183843, 1.3031279234631423], [0.6225209774666552, 0.4388591582270578], [0.24410054830615746, 0.16585314726832334], [0.33405309228083147, 0.19665784959058488], [0.09779802214456687, 0.6308203766312952], [0.5030815399712213, 0.07578479052646953], [1.0209548706264213, 0.6188966930408084], [0.9415098547335884, 0.23515158465208094], [0.24224333161671902, 0.15898764028873644], [0.06391122440871556, 0.6932390576495713], [0.6301901517643496, 0.44097154029587204], [1.0143041059236748, 0.3353167137623414], [0.046480543502276865, 0.49594920482144106], [0.6156384342133422, 0.4318652435471999], [0.2984060928430828, 0.9154446532911198], [0.4771611975431561, 0.05911962219005088], [0.3041471459855078, 0.2675788653148696], [0.4061852920625075, 0.9179970962205889], [0.10276225545111836, 0.6516897762326134], [0.438204606980508, 0.2977904001474674], [0.3156993904595058, 0.2367058738147431], [0.3155293244974201, 1.0707403039102106], [0.17344891236717613, 0.14240591238928263], [0.9358583293311623, 0.28412390892866923], [0.02454752085094737, 0.36650651576134435], [0.9745091341290988, 0.12149227700497024], [0.3108294295959358, 1.026866403523577], [1.381083417814561, 0.6193181227092137], [0.012346875247967716, 0.5246519009404573], [0.02226696533829039, 0.398385421263591], [0.07599957533751314, 0.8392195189091166], [0.07697895842300691, 0.7291041771292815], [0.6531882964215889, 1.1371934148348843], [0.2663623869389717, 0.04229366302893173], [0.7054952622225072, 0.20558769069389296], [0.9871780910446288, 0.33598518499009333], [0.7087630510772447, 1.0015277242043175], [0.00678707914499492, 0.2206597303631081], [0.7144140778391008, 0.41260462332778247], [0.1039135842177308, 0.967702864927261], [0.7079402776422219, 0.774473879109784], [0.6274647153598096, 0.9798906794557656], [0.8919606763809109, 0.12475206525043578], [0.49226336368029433, 0.031689163430366714], [0.029020701975216345, 0.5685077727756729], [0.8553550653132013, 0.12471052809414751], [0.7236708548021218, 0.8011125771523314], [0.05936412814727634, 0.8677379632161738], [0.06776666052900412, 0.8277582038775705], [0.9473189335883835, 0.5162020158849251], [0.9079949739169965, 0.13394755016268384], [0.7074969635478761, 0.4853893628367246], [0.0, 0.33172188210111797], [0.7046145734597449, 0.6227882159813267], [0.0, 0.2634920881399201], [0.4346554753976642, 0.2842673358734361], [0.03903173040834658, 0.5049455484571218], [0.34995661086482327, 0.05359918508224211], [0.7925931835748593, 0.5528250012511573], [0.35285349655659126, 0.7654104813281434], [0.2238410656233801, 0.0], [0.04064598807229855, 0.4242948230343123], [0.09282607199023009, 1.0029808527220914], [0.403725198142417, 0.04873758838745454], [0.8929623451240936, 0.9388388699569304], [0.03350564760987587, 0.3476117981734695], [0.6630737166063271, 0.06985559114747357], [0.7986082577282048, 0.5716490093205453], [0.6405220330062127, 0.44984920192959976], [0.8125274592957946, 0.567336137279755], [0.5799978481147176, 0.9855969884066534], [0.9856823362366662, 0.07502742845515435], [0.5931245952284813, 1.2126786421819369], [0.06430137132741721, 0.8031652977866784], [0.8978513193484547, 0.13502643356199084], [0.06623223000872176, 0.7246701537577325], [0.05896839561952851, 0.46670282623962644], [0.607142960700491, 0.09120437695431129], [0.32682849921422386, 0.23224782861048524], [0.7759056018790872, 0.489174469158832], [0.33229024038343297, 0.063210700678412], [0.04944769401445409, 0.6701900315124775], [0.5137747026133215, 0.9739688937232779], [1.3562609544658206, 0.5373189923682299], [0.8138963191491702, 0.6768962623216395], [0.30302907555067526, 0.040571656834044116], [0.08233913395309271, 0.6773307118031302], [0.5362409106357036, 0.10512558219310836], [0.5427681863696783, 0.45040361346920194], [0.7364133148946649, 0.8612289671303579], [0.7551178704290622, 0.7711583454136962], [0.774701213496662, 0.3010350487985937], [0.6054535938679961, 0.0726170100819319], [1.379927837454962, 0.4755864919130346], [0.01934439529620543, 0.4031476480826923], [0.3491770454246092, 0.5343274351673941], [0.7288070116597875, 0.1078891561578652], [0.60845777325781, 0.4406730019762673], [0.2911391275299278, 0.20039031975090774], [1.0276059324115483, 0.7370067057098193], [0.6299321257601755, 0.41948821973448286], [0.1292505791772303, 0.6505066729666563], [0.04657554305440644, 0.8446391040161074], [0.5664357396256287, 0.08095235512107805], [0.4381166029596719, 0.3617017212901848], [0.06377442848219506, 0.4292954229548588], [0.31148859474830615, 0.050098532705636016], [1.5590696430836835, 0.7095760044755328], [0.8425100231548321, 0.11154414654458165], [0.7634839208346186, 0.15309594866662196], [0.5857540664792801, 0.8592604795382356], [0.6040063377313758, 0.12614368350344018], [1.0288334087549587, 0.3177546506493912], [0.9574419410026083, 0.1443880907057123], [0.9618248833113813, 0.3845538972314976], [0.049287781065161594, 0.3346872501151383], [0.9053511542914474, 0.17704027274138998], [0.31625090044403614, 1.063680333463825], [0.20716559159122863, 0.11129879917826224], [0.015172551974235442, 0.37298534452015286], [1.558948358588449, 0.5526952689975221], [0.10367805394966917, 0.8154433356066872], [0.08293746962247692, 0.661821944197866], [0.3510809471435601, 0.06775238921886931], [0.22738618899570273, 0.20775459434463317], [0.5180868127746227, 0.3743286146292164], [0.8398896180761899, 0.09085332117014892], [0.29210743234192205, 0.2253523228376029], [0.20748642866858732, 0.16361806534024861], [0.536421315309696, 0.4363609730550768], [0.17170485684819817, 0.4598286498889852], [0.01190086671879346, 0.26278602454510885], [0.6736993134503251, 0.4751539624631837], [0.08749678744455609, 0.8272330230991639], [0.08240609022152504, 0.49495528354868074], [0.3391324833819021, 0.2627809156630098], [0.3490312193326104, 0.22595455619267302], [0.4708694475994456, 0.06485068052767783], [0.5331688254381227, 0.3923663177850535], [0.5929159268995546, 0.0938677193909395], [0.42730911177065134, 0.28179846471932607], [0.685261859253768, 0.08434333399457486], [0.0782885279614349, 0.7240725110843348], [0.09228257049880455, 0.6062732151118664], [0.5376535001582686, 0.030455651372657218], [0.07225799440747455, 0.6736329167587543], [0.5681207735454397, 0.3708358049884386], [0.44500173598818493, 0.05892526179891927], [0.5074774373313211, 0.7301394262762849], [0.07563304885217607, 0.5852592368926599], [0.7875884538999348, 0.8591427466817411], [0.583159976357144, 0.3829757971082249], [0.03705752631776603, 0.5165319676849252], [0.901107536480849, 0.7367888907397109], [0.8080850408396764, 0.5395052826910636], [0.056440144383440756, 0.5670269738542218], [0.11065428626473603, 0.8696586871184151], [0.25916504297705467, 0.030553368506037328], [0.8786711798340846, 0.13238268194091835], [0.9409291405937773, 0.12504876983941873], [0.4308593877089977, 1.0510173600553903], [0.24677013376701146, 0.04178465027836163], [0.5528245943278814, 0.08391297336718112], [0.32021920239603685, 0.03739215856745493], [0.8621240567348182, 1.3384539176799446], [0.7136969461402264, 0.5195463546746623], [0.9624650923718377, 0.48013782698692337], [0.06504878616172416, 0.6512192579797493], [0.09277951813998947, 0.6400438490293165], [0.6982447817148215, 0.5072557203382607], [0.6484020330924141, 0.8037339097200911], [0.07233339349083656, 0.39128840792514064], [0.9740518680259299, 0.1260927112258366], [0.5445187951767241, 0.11457643769672768], [0.09109695163701009, 0.7737204314811843], [0.4966019475791412, 0.31893918923584086], [0.9761304868014921, 0.49578462905760384], [0.5017738851531255, 0.24756087360355467], [0.5928572368359956, 0.382026395692134], [0.2656349815532992, 0.16640582229578055], [0.14670439712775998, 0.07756520458063279], [0.9019154644717299, 0.3560632411589703], [0.7157959089215135, 0.788894446000627], [0.5627951330546815, 0.3991152272906308], [0.073365779593863, 0.4394273649654803], [0.08816487871672543, 0.732135905860088], [0.07506810191958606, 0.575371847302077], [0.9671507896815443, 0.15828853202779242], [0.7906124073040728, 0.09689117184081536], [0.12110176356225885, 0.8388488016475183], [0.3905519084344669, 0.043067311206250736], [0.27932861202634146, 0.1478792949758569], [0.48596975852058333, 0.64906771750063], [0.8101136474777462, 0.3470397309132326], [0.9353639341149707, 0.7586956331498349], [0.35648299982752757, 0.03085132547442521], [0.6679979884750487, 0.4832907024372108], [0.7346386346736455, 0.5080583928528223], [0.38300677119351423, 0.26693943185364427], [0.5101524553119967, 0.6418932558195791], [0.6234470641868415, 1.089040613622027], [0.06489832910349978, 0.7708208732970568], [0.34196505153920875, 0.07904665853609275], [0.42186844633472437, 0.08410088294165004], [0.7919421454318643, 0.09807400105162006], [0.6078075459885938, 0.07290773801749792], [0.5688888065757773, 1.2491384857477112], [0.5428085908711782, 0.060544490627331256], [0.3196519558093865, 0.5305115387725624], [0.43843065963413264, 0.030465989668395192], [0.03995158842846351, 0.3670288332297024], [0.5817683767849711, 0.4558340293036293], [0.04400472006132326, 0.4026221400736142], [0.7254314965789539, 0.48090687924362097], [0.5333823346654939, 0.49627233173503765], [0.06657398800178979, 0.739226859820803], [0.05498727030212652, 0.6588872594430886], [0.5488136017157834, 0.40844002747019387], [0.12580832105402687, 0.920239275636588], [0.023318810195431937, 0.353145568219255], [0.35575051470035834, 0.05913353612877974], [0.6097421714841852, 0.20577549093530034], [0.2673224916304731, 0.07479055954964188], [0.6057760542965587, 0.3431454079095995], [0.0377204282379294, 0.36103012012433217], [0.8349450152529252, 0.07442902124829498], [0.06262519567947576, 0.19370605534577706], [0.06823776995804502, 0.49439684183357235], [0.6443266712066322, 0.13381791984874347], [0.02809506771467357, 0.3749097650070372], [0.40321695508719746, 0.2940588353574455], [0.04203655996527676, 0.38253499082982034], [0.1226507148240274, 0.41234520740526], [0.7726319461463607, 0.5495866575306884], [0.4579231802184609, 0.3048692123648581], [0.055159765848397005, 0.49900634662211013], [0.5891513711115126, 0.3887360577910013], [0.09014892679265296, 0.7252697716245542], [0.7217511312079672, 0.07688764328245824], [0.029127713904547988, 0.26574717636518874], [0.7360275397422568, 0.3979132495627651], [0.1416197800500654, 0.8016339726718582], [0.660840296298676, 0.5091619680421396], [0.7670891993703842, 0.16262610283758197], [0.28663793935053217, 0.19115562577620465], [0.2370714181353014, 0.15950480088452204], [0.04960515159400632, 0.4460940810214361], [0.9271909272508801, 0.11762451405739584], [0.5257326075187443, 0.7166789070463132], [0.7689064026462292, 0.5665913739587252], [0.6012540756179382, 0.32857380924611707], [0.6787496009338121, 0.4303694521812111], [0.06156802047303787, 0.5546299997254655], [0.11532591440633208, 0.755428941603873], [0.08289151794337682, 0.47248822940331797], [0.7685254638750416, 0.494425036280646], [0.3154743083345487, 0.25741282107584645]]","[[0.9902680687415704, 0.13917310096006544], [0.8191520442889918, 0.573576436351046], [0.10452846326765346, 0.9945218953682733]]","{""alpha"": 0.05, ""angles"": [8, 35, 84], ""code_max_iter"": 5000, ""code_tol"": 1e-05, ""coef_min"": 0.2, ""lr"": 0.01, ""nmf_seeds"": [0, 1, 2, 3], ""nmf_shown"": 3, ""noise"": 0.02, ""observations"": 400, ""p_two"": 0.35, ""q"": 0.85, ""seed"": 0, ""updates"": 5000}","[0.46226233292959906, 0.4521627074866079]"
ICA,0,400,0.02,,,,"18.30, 112.29",2,0.9838964251672466,,0.8805493310440727,,,,,"[[0.12014721702156148, -0.29307593609525423], [0.2973535948302209, 0.0983192873684068]]",,,,"[0.46226233292959906, 0.4521627074866079]"
NMF (init 0),0,400,0.02,,,,"0.85, 7.24, 88.07",3,0.992222300044189,0.8848767810434139,0.9974832037814401,0.9581940949563478,,,,"[[0.6298011258388028, 0.07996848819572974], [0.040019948345961676, 1.1850781910751584], [0.9758629481537319, 0.01446732273555156]]",,,,
NMF (init 1),0,400,0.02,,,,"2.09, 74.92, 90.00",3,0.9946891544025397,0.7669511381580457,0.9945218953682734,0.9187207293096197,,,,"[[0.7011316637318077, 0.025616074864213762], [0.0, 0.6726620554876416], [0.26651599726915737, 0.9890638615048827]]",,,,
NMF (init 2),0,400,0.02,,,,"0.99, 11.30, 87.96",3,0.9925151388684031,0.9156676353141662,0.9976184124073583,0.9686003955299758,,,,"[[0.14095802278351777, 0.02816803110674785], [0.04905821890858824, 1.37396997689005], [1.0042673747517028, 0.01727417832417968]]",,,,
NMF (init 3),0,400,0.02,,,,"1.91, 18.08, 90.00",3,0.9943643621628413,0.9567341140170852,0.9945218953682734,0.9818734571827333,,,,"[[0.7055407341239344, 0.02358099852147917], [0.0, 0.8686271488824037], [0.2086792309221991, 0.06814377865869214]]",,,,
SDL (scikit-learn),0,400,0.02,0.05,,,"8.25, 39.36, 82.96",3,0.9999904298110963,0.9971090721570093,0.9998367515492492,0.9989787511724516,96.0,,,"[[0.7732015672278978, 0.6341603396904625], [0.12248090589308731, 0.9924708699461202], [0.9896497147608894, 0.14350415350675527]]",,,,
SDL (ordinary weights),0,400,0.02,0.05,,,"8.27, 39.40, 82.97",3,0.9999890584275601,0.9970564345472963,0.9998382122868028,0.9989612350872198,5000.0,2.634336656466761e-06,2.6969817099598004e-06,"[[0.7727640867233276, 0.634693443775177], [0.12240048497915268, 0.9924807548522949], [0.9896062016487122, 0.14380398392677307]]",,,,
Clipped SDL,0,400,0.02,0.05,0.85,0.778938353061676,"8.25, 39.07, 82.93",3,0.9999901379955582,0.9974837627328281,0.9998256261346248,0.9990998422876703,5000.0,1.9600493840747645e-06,2.0370328002172755e-06,"[[0.7764270305633545, 0.6302072405815125], [0.12308191508054733, 0.9923965334892273], [0.9896401762962341, 0.14356966316699982]]",,,,
