published_symbol	match_type	mgi_ids	current_symbols	candidate_ensembl_ids	mapping_status	unique_ensembl_id	unique_id_in_atlas	candidate_ids_in_atlas
Acvr1b	exact_current_symbol	MGI:1338944	Acvr1b	ENSMUSG00000000532	one_to_one	ENSMUSG00000000532	True	ENSMUSG00000000532
Ang	exact_current_symbol	MGI:88022	Ang	ENSMUSG00000072115	one_to_one	ENSMUSG00000072115	True	ENSMUSG00000072115
Angpt1	exact_current_symbol	MGI:108448	Angpt1	ENSMUSG00000022309	one_to_one	ENSMUSG00000022309	True	ENSMUSG00000022309
Angptl4	exact_current_symbol	MGI:1888999	Angptl4	ENSMUSG00000002289	one_to_one	ENSMUSG00000002289	True	ENSMUSG00000002289
Areg	exact_current_symbol	MGI:88068	Areg	ENSMUSG00000029378	one_to_one	ENSMUSG00000029378	True	ENSMUSG00000029378
Axl	exact_current_symbol	MGI:1347244	Axl	ENSMUSG00000002602	one_to_one	ENSMUSG00000002602	True	ENSMUSG00000002602
Bex3	exact_current_symbol	MGI:1338016	Bex3	ENSMUSG00000046432	one_to_one	ENSMUSG00000046432	True	ENSMUSG00000046432
Bmp2	exact_current_symbol	MGI:88177	Bmp2	ENSMUSG00000027358	one_to_one	ENSMUSG00000027358	True	ENSMUSG00000027358
Bmp6	exact_current_symbol	MGI:88182	Bmp6	ENSMUSG00000039004	one_to_one	ENSMUSG00000039004	True	ENSMUSG00000039004
C3	exact_current_symbol	MGI:88227	C3	ENSMUSG00000024164	one_to_one	ENSMUSG00000024164	True	ENSMUSG00000024164
Ccl1	exact_current_symbol	MGI:98258	Ccl1	ENSMUSG00000020702	one_to_one	ENSMUSG00000020702	True	ENSMUSG00000020702
Ccl2	exact_current_symbol	MGI:98259	Ccl2	ENSMUSG00000035385	one_to_one	ENSMUSG00000035385	True	ENSMUSG00000035385
Ccl20	exact_current_symbol	MGI:1329031	Ccl20	ENSMUSG00000026166	one_to_one	ENSMUSG00000026166	False	
Ccl24	exact_current_symbol	MGI:1928953	Ccl24	ENSMUSG00000004814	one_to_one	ENSMUSG00000004814	True	ENSMUSG00000004814
Ccl26	exact_current_symbol	MGI:3589281	Ccl26	ENSMUSG00000070464	one_to_one	ENSMUSG00000070464	False	
Ccl3	exact_current_symbol	MGI:98260	Ccl3	ENSMUSG00000000982	one_to_one	ENSMUSG00000000982	True	ENSMUSG00000000982
Ccl4	exact_current_symbol	MGI:98261	Ccl4	ENSMUSG00000018930	one_to_one	ENSMUSG00000018930	True	ENSMUSG00000018930
Ccl5	exact_current_symbol	MGI:98262	Ccl5	ENSMUSG00000035042	one_to_one	ENSMUSG00000035042	True	ENSMUSG00000035042
Ccl7	exact_current_symbol	MGI:99512	Ccl7	ENSMUSG00000035373	one_to_one	ENSMUSG00000035373	True	ENSMUSG00000035373
Ccl8	exact_current_symbol	MGI:101878	Ccl8	ENSMUSG00000009185	one_to_one	ENSMUSG00000009185	True	ENSMUSG00000009185
Cd55	exact_current_symbol	MGI:104850	Cd55	ENSMUSG00000026399	one_to_one	ENSMUSG00000026399	True	ENSMUSG00000026399
Cd9	exact_current_symbol	MGI:88348	Cd9	ENSMUSG00000030342	one_to_one	ENSMUSG00000030342	True	ENSMUSG00000030342
Csf1	exact_current_symbol	MGI:1339753	Csf1	ENSMUSG00000014599	one_to_one	ENSMUSG00000014599	True	ENSMUSG00000014599
Csf2	exact_current_symbol	MGI:1339752	Csf2	ENSMUSG00000018916	one_to_one	ENSMUSG00000018916	False	
Csf2rb	exact_current_symbol	MGI:1339759	Csf2rb	ENSMUSG00000071713	one_to_one	ENSMUSG00000071713	True	ENSMUSG00000071713
Cst10	alias	MGI:1930004	Cst5	ENSMUSG00000033156	one_to_one	ENSMUSG00000033156	False	
Ctnnb1	exact_current_symbol	MGI:88276	Ctnnb1	ENSMUSG00000006932	one_to_one	ENSMUSG00000006932	True	ENSMUSG00000006932
Ctsb	exact_current_symbol	MGI:88561	Ctsb	ENSMUSG00000021939	one_to_one	ENSMUSG00000021939	True	ENSMUSG00000021939
Cxcl1	exact_current_symbol	MGI:108068	Cxcl1	ENSMUSG00000029380	one_to_one	ENSMUSG00000029380	True	ENSMUSG00000029380
Cxcl10	exact_current_symbol	MGI:1352450	Cxcl10	ENSMUSG00000034855	one_to_one	ENSMUSG00000034855	True	ENSMUSG00000034855
Cxcl12	exact_current_symbol	MGI:103556	Cxcl12	ENSMUSG00000061353	one_to_one	ENSMUSG00000061353	True	ENSMUSG00000061353
Cxcl16	exact_current_symbol	MGI:1932682	Cxcl16	ENSMUSG00000018920	one_to_one	ENSMUSG00000018920	True	ENSMUSG00000018920
Cxcl2	exact_current_symbol	MGI:1340094	Cxcl2	ENSMUSG00000058427	one_to_one	ENSMUSG00000058427	True	ENSMUSG00000058427
Cxcl3	exact_current_symbol	MGI:3037818	Cxcl3	ENSMUSG00000029379	one_to_one	ENSMUSG00000029379	False	
Cxcr2	exact_current_symbol	MGI:105303	Cxcr2	ENSMUSG00000026180	one_to_one	ENSMUSG00000026180	True	ENSMUSG00000026180
Dkk1	exact_current_symbol	MGI:1329040	Dkk1	ENSMUSG00000024868	one_to_one	ENSMUSG00000024868	False	
Edn1	exact_current_symbol	MGI:95283	Edn1	ENSMUSG00000021367	one_to_one	ENSMUSG00000021367	True	ENSMUSG00000021367
Egf	exact_current_symbol	MGI:95290	Egf	ENSMUSG00000028017	one_to_one	ENSMUSG00000028017	True	ENSMUSG00000028017
Egfr	exact_current_symbol	MGI:95294	Egfr	ENSMUSG00000020122	one_to_one	ENSMUSG00000020122	True	ENSMUSG00000020122
Ereg	exact_current_symbol	MGI:107508	Ereg	ENSMUSG00000029377	one_to_one	ENSMUSG00000029377	False	
Esm1	exact_current_symbol	MGI:1918940	Esm1	ENSMUSG00000042379	one_to_one	ENSMUSG00000042379	True	ENSMUSG00000042379
Ets2	exact_current_symbol	MGI:95456	Ets2	ENSMUSG00000022895	one_to_one	ENSMUSG00000022895	True	ENSMUSG00000022895
Fas	exact_current_symbol	MGI:95484	Fas	ENSMUSG00000024778	one_to_one	ENSMUSG00000024778	True	ENSMUSG00000024778
Fgf1	exact_current_symbol	MGI:95515	Fgf1	ENSMUSG00000036585	one_to_one	ENSMUSG00000036585	True	ENSMUSG00000036585
Fgf2	exact_current_symbol	MGI:95516	Fgf2	ENSMUSG00000037225	one_to_one	ENSMUSG00000037225	True	ENSMUSG00000037225
Fgf7	exact_current_symbol	MGI:95521	Fgf7	ENSMUSG00000027208	one_to_one	ENSMUSG00000027208	True	ENSMUSG00000027208
Gdf15	exact_current_symbol	MGI:1346047	Gdf15	ENSMUSG00000038508	one_to_one	ENSMUSG00000038508	True	ENSMUSG00000038508
Gem	exact_current_symbol	MGI:99844	Gem	ENSMUSG00000028214	one_to_one	ENSMUSG00000028214	True	ENSMUSG00000028214
Gmfg	exact_current_symbol	MGI:1927135	Gmfg	ENSMUSG00000060791	one_to_one	ENSMUSG00000060791	True	ENSMUSG00000060791
Hgf	exact_current_symbol	MGI:96079	Hgf	ENSMUSG00000028864	one_to_one	ENSMUSG00000028864	True	ENSMUSG00000028864
Hmgb1	exact_current_symbol	MGI:96113	Hmgb1	ENSMUSG00000066551	one_to_one	ENSMUSG00000066551	True	ENSMUSG00000066551
Icam1	exact_current_symbol	MGI:96392	Icam1	ENSMUSG00000037405	one_to_one	ENSMUSG00000037405	True	ENSMUSG00000037405
Icam5	exact_current_symbol	MGI:109430	Icam5	ENSMUSG00000032174	one_to_one	ENSMUSG00000032174	True	ENSMUSG00000032174
Igf1	exact_current_symbol	MGI:96432	Igf1	ENSMUSG00000020053	one_to_one	ENSMUSG00000020053	True	ENSMUSG00000020053
Igfbp1	exact_current_symbol	MGI:96436	Igfbp1	ENSMUSG00000020429	one_to_one	ENSMUSG00000020429	False	
Igfbp2	exact_current_symbol	MGI:96437	Igfbp2	ENSMUSG00000039323	one_to_one	ENSMUSG00000039323	True	ENSMUSG00000039323
Igfbp3	exact_current_symbol	MGI:96438	Igfbp3	ENSMUSG00000020427	one_to_one	ENSMUSG00000020427	True	ENSMUSG00000020427
Igfbp4	exact_current_symbol	MGI:96439	Igfbp4	ENSMUSG00000017493	one_to_one	ENSMUSG00000017493	True	ENSMUSG00000017493
Igfbp5	exact_current_symbol	MGI:96440	Igfbp5	ENSMUSG00000026185	one_to_one	ENSMUSG00000026185	True	ENSMUSG00000026185
Igfbp6	exact_current_symbol	MGI:96441	Igfbp6	ENSMUSG00000023046	one_to_one	ENSMUSG00000023046	True	ENSMUSG00000023046
Igfbp7	exact_current_symbol	MGI:1352480	Igfbp7	ENSMUSG00000036256	one_to_one	ENSMUSG00000036256	True	ENSMUSG00000036256
Il10	exact_current_symbol	MGI:96537	Il10	ENSMUSG00000016529	one_to_one	ENSMUSG00000016529	True	ENSMUSG00000016529
Il13	exact_current_symbol	MGI:96541	Il13	ENSMUSG00000020383	one_to_one	ENSMUSG00000020383	False	
Il15	exact_current_symbol	MGI:103014	Il15	ENSMUSG00000031712	one_to_one	ENSMUSG00000031712	True	ENSMUSG00000031712
Il18	exact_current_symbol	MGI:107936	Il18	ENSMUSG00000039217	one_to_one	ENSMUSG00000039217	True	ENSMUSG00000039217
Il1a	exact_current_symbol	MGI:96542	Il1a	ENSMUSG00000027399	one_to_one	ENSMUSG00000027399	True	ENSMUSG00000027399
Il1b	exact_current_symbol	MGI:96543	Il1b	ENSMUSG00000027398	one_to_one	ENSMUSG00000027398	True	ENSMUSG00000027398
Il2	exact_current_symbol	MGI:96548	Il2	ENSMUSG00000027720	one_to_one	ENSMUSG00000027720	True	ENSMUSG00000027720
Il6	exact_current_symbol	MGI:96559	Il6	ENSMUSG00000025746	one_to_one	ENSMUSG00000025746	True	ENSMUSG00000025746
Il6st	exact_current_symbol	MGI:96560	Il6st	ENSMUSG00000021756	one_to_one	ENSMUSG00000021756	True	ENSMUSG00000021756
Il7	exact_current_symbol	MGI:96561	Il7	ENSMUSG00000040329	one_to_one	ENSMUSG00000040329	True	ENSMUSG00000040329
Inha	exact_current_symbol	MGI:96569	Inha	ENSMUSG00000032968	one_to_one	ENSMUSG00000032968	True	ENSMUSG00000032968
Iqgap2	exact_current_symbol	MGI:2449975	Iqgap2	ENSMUSG00000021676	one_to_one	ENSMUSG00000021676	True	ENSMUSG00000021676
Itga2	exact_current_symbol	MGI:96600	Itga2	ENSMUSG00000015533	one_to_one	ENSMUSG00000015533	True	ENSMUSG00000015533
Itpka	exact_current_symbol	MGI:1333822	Itpka	ENSMUSG00000027296	one_to_one	ENSMUSG00000027296	True	ENSMUSG00000027296
Jun	exact_current_symbol	MGI:96646	Jun	ENSMUSG00000052684	one_to_one	ENSMUSG00000052684	True	ENSMUSG00000052684
Kitl	exact_current_symbol	MGI:96974	Kitl	ENSMUSG00000019966	one_to_one	ENSMUSG00000019966	True	ENSMUSG00000019966
Lcp1	exact_current_symbol	MGI:104808	Lcp1	ENSMUSG00000021998	one_to_one	ENSMUSG00000021998	True	ENSMUSG00000021998
Mif	exact_current_symbol	MGI:96982	Mif	ENSMUSG00000033307	one_to_one	ENSMUSG00000033307	True	ENSMUSG00000033307
Mmp13	exact_current_symbol	MGI:1340026	Mmp13	ENSMUSG00000050578	one_to_one	ENSMUSG00000050578	False	
Mmp10	exact_current_symbol	MGI:97007	Mmp10	ENSMUSG00000047562	one_to_one	ENSMUSG00000047562	False	
Mmp12	exact_current_symbol	MGI:97005	Mmp12	ENSMUSG00000049723	one_to_one	ENSMUSG00000049723	False	
Mmp14	exact_current_symbol	MGI:101900	Mmp14	ENSMUSG00000000957	one_to_one	ENSMUSG00000000957	True	ENSMUSG00000000957
Mmp2	exact_current_symbol	MGI:97009	Mmp2	ENSMUSG00000031740	one_to_one	ENSMUSG00000031740	True	ENSMUSG00000031740
Mmp3	exact_current_symbol	MGI:97010	Mmp3	ENSMUSG00000043613	one_to_one	ENSMUSG00000043613	False	
Mmp9	exact_current_symbol	MGI:97011	Mmp9	ENSMUSG00000017737	one_to_one	ENSMUSG00000017737	True	ENSMUSG00000017737
Nap1l4	exact_current_symbol	MGI:1316687	Nap1l4	ENSMUSG00000059119	one_to_one	ENSMUSG00000059119	True	ENSMUSG00000059119
Nrg1	exact_current_symbol	MGI:96083	Nrg1	ENSMUSG00000062991|ENSMUSG00000118541	ambiguous_ensembl_ids		False	ENSMUSG00000062991
Pappa	exact_current_symbol	MGI:97479	Pappa	ENSMUSG00000028370	one_to_one	ENSMUSG00000028370	True	ENSMUSG00000028370
Pecam1	exact_current_symbol	MGI:97537	Pecam1	ENSMUSG00000020717	one_to_one	ENSMUSG00000020717	True	ENSMUSG00000020717
Pgf	exact_current_symbol	MGI:105095	Pgf	ENSMUSG00000004791	one_to_one	ENSMUSG00000004791	True	ENSMUSG00000004791
Pigf	exact_current_symbol	MGI:99462	Pigf	ENSMUSG00000024145	one_to_one	ENSMUSG00000024145	True	ENSMUSG00000024145
Plat	exact_current_symbol	MGI:97610	Plat	ENSMUSG00000031538	one_to_one	ENSMUSG00000031538	True	ENSMUSG00000031538
Plau	exact_current_symbol	MGI:97611	Plau	ENSMUSG00000021822	one_to_one	ENSMUSG00000021822	True	ENSMUSG00000021822
Plaur	exact_current_symbol	MGI:97612	Plaur	ENSMUSG00000046223	one_to_one	ENSMUSG00000046223	True	ENSMUSG00000046223
Ptbp1	exact_current_symbol	MGI:97791	Ptbp1	ENSMUSG00000006498	one_to_one	ENSMUSG00000006498	True	ENSMUSG00000006498
Ptger2	exact_current_symbol	MGI:97794	Ptger2	ENSMUSG00000037759	one_to_one	ENSMUSG00000037759	True	ENSMUSG00000037759
Ptges	exact_current_symbol	MGI:1927593	Ptges	ENSMUSG00000050737	one_to_one	ENSMUSG00000050737	True	ENSMUSG00000050737
Rps6ka5	exact_current_symbol	MGI:1920336	Rps6ka5	ENSMUSG00000021180	one_to_one	ENSMUSG00000021180	True	ENSMUSG00000021180
Scamp4	exact_current_symbol	MGI:1928947	Scamp4	ENSMUSG00000113949	one_to_one	ENSMUSG00000113949	False	
Selplg	exact_current_symbol	MGI:106689	Selplg	ENSMUSG00000048163	one_to_one	ENSMUSG00000048163	True	ENSMUSG00000048163
Sema3f	exact_current_symbol	MGI:1096347	Sema3f	ENSMUSG00000034684	one_to_one	ENSMUSG00000034684	True	ENSMUSG00000034684
Serpinb3a	exact_current_symbol	MGI:3573933	Serpinb3a	ENSMUSG00000044594	one_to_one	ENSMUSG00000044594	False	
Serpine1	exact_current_symbol	MGI:97608	Serpine1	ENSMUSG00000037411	one_to_one	ENSMUSG00000037411	True	ENSMUSG00000037411
Serpine2	exact_current_symbol	MGI:101780	Serpine2	ENSMUSG00000026249	one_to_one	ENSMUSG00000026249	True	ENSMUSG00000026249
Spp1	exact_current_symbol	MGI:98389	Spp1	ENSMUSG00000029304	one_to_one	ENSMUSG00000029304	True	ENSMUSG00000029304
Spx	exact_current_symbol	MGI:2442262	Spx	ENSMUSG00000071112	one_to_one	ENSMUSG00000071112	True	ENSMUSG00000071112
Timp2	exact_current_symbol	MGI:98753	Timp2	ENSMUSG00000017466	one_to_one	ENSMUSG00000017466	True	ENSMUSG00000017466
Tnf	exact_current_symbol	MGI:104798	Tnf	ENSMUSG00000024401	one_to_one	ENSMUSG00000024401	True	ENSMUSG00000024401
Tnfrsf11b	exact_current_symbol	MGI:109587	Tnfrsf11b	ENSMUSG00000063727	one_to_one	ENSMUSG00000063727	True	ENSMUSG00000063727
Tnfrsf1a	exact_current_symbol	MGI:1314884	Tnfrsf1a	ENSMUSG00000030341	one_to_one	ENSMUSG00000030341	True	ENSMUSG00000030341
Tnfrsf1b	exact_current_symbol	MGI:1314883	Tnfrsf1b	ENSMUSG00000028599	one_to_one	ENSMUSG00000028599	True	ENSMUSG00000028599
Tubgcp2	exact_current_symbol	MGI:1921487	Tubgcp2	ENSMUSG00000025474	one_to_one	ENSMUSG00000025474	True	ENSMUSG00000025474
Vegfa	exact_current_symbol	MGI:103178	Vegfa	ENSMUSG00000023951	one_to_one	ENSMUSG00000023951	True	ENSMUSG00000023951
Vegfc	exact_current_symbol	MGI:109124	Vegfc	ENSMUSG00000031520	one_to_one	ENSMUSG00000031520	True	ENSMUSG00000031520
Vgf	exact_current_symbol	MGI:1343180	Vgf	ENSMUSG00000037428	one_to_one	ENSMUSG00000037428	True	ENSMUSG00000037428
Wnt16	exact_current_symbol	MGI:2136018	Wnt16	ENSMUSG00000029671	one_to_one	ENSMUSG00000029671	True	ENSMUSG00000029671
Wnt2	exact_current_symbol	MGI:98954	Wnt2	ENSMUSG00000010797	one_to_one	ENSMUSG00000010797	True	ENSMUSG00000010797
