program_id,rank,score,raw_score,reference_tail,label,dominant_class,max_class_weight
179,1,0.7159104753039569,0.0470210426906054,0.06568005960611414,identity,31 OPC-Oligo,0.7600899762155325
163,2,0.5882561795978064,0.047231847779938135,0.08029129045823331,identity,31 OPC-Oligo,0.8944494939281681
122,3,0.5565301499427293,0.032613513586136816,0.05860152156984301,identity,34 Immune,0.805182059631685
196,4,0.47363414242780977,0.029232901022417105,0.061720425965433263,identity,31 OPC-Oligo,0.8419564613099829
188,5,0.41297828741938053,0.020647606203785706,0.04999683235844796,identity,34 Immune,0.637105440002017
60,6,0.36583903561717074,0.046551049075121226,0.12724462001871825,identity,33 Vascular,0.909360561817524
124,7,0.3161022966996841,0.07363096587294476,0.23293397941647523,identity,33 Vascular,0.960060896276633
227,8,0.30518429584095097,0.021269134363059376,0.06969275501038212,identity,34 Immune,0.7211311964860452
88,9,0.29810027074770545,0.040085342904424795,0.1344693273973933,identity,31 OPC-Oligo,0.8701933288441134
109,10,0.28154679528982074,0.021950206759561344,0.07796290750518427,identity,31 OPC-Oligo,0.9074738632769248
209,11,0.2793693669577269,0.0336020171011844,0.12027810159396941,identity,31 OPC-Oligo,0.8041835426420428
110,12,0.2753010457528689,0.016550133989117824,0.06011649517660924,identity,30 Astro-Epen,0.8725576044264733
150,13,0.2748877486544143,0.009787992675726855,0.035607235039173055,identity,30 Astro-Epen,0.7889180052040089
30,14,0.26042304853818715,0.008583167526495582,0.03295855560663629,activity,01 IT-ET Glut,0.2861204010359774
181,15,0.257772562447854,0.015316944524335682,0.05942038353067238,identity,31 OPC-Oligo,0.8517493103239566
116,16,0.2532943591575186,0.006929832530972938,0.027358811124030664,identity,30 Astro-Epen,0.6415800502678608
3,17,0.23844432901718912,0.03454834934206752,0.1448906312197384,identity,33 Vascular,0.9405521598429084
178,18,0.22264441361817788,0.006229644948224558,0.027980243685377323,activity,01 IT-ET Glut,0.17703543028859622
180,19,0.21773769033881527,0.015225191242108853,0.06992446378216549,identity,30 Astro-Epen,0.875053301395544
235,20,0.2164322394910284,0.005510864787030684,0.025462310051359616,activity,30 Astro-Epen,0.40322718089627874
189,21,0.21585490791536358,0.027088561699497065,0.12549430523080093,identity,34 Immune,0.9202596009730689
225,22,0.21301565789566745,0.038240238511036674,0.17951843957764968,identity,34 Immune,0.9885089242231688
186,23,0.21206497711242348,0.0086504086318028,0.04079131193462888,activity,03 OB-CR Glut,0.1642607075431401
49,24,0.1981570376340963,0.017559768965337518,0.08861541924017974,identity,34 Immune,0.870996398796367
157,25,0.17994640144817498,0.009649365370278558,0.05362355286142024,identity,30 Astro-Epen,0.8378408650155862
54,26,0.17758031591728993,0.018462330624257218,0.10396608728219776,activity,14 HY Glut,0.28171537192399576
115,27,0.16458454727735278,0.011150238055362704,0.06774778215704946,identity,31 OPC-Oligo,0.8815085627132173
219,28,0.16414134024980837,0.006372041673666608,0.03882045598000439,activity,01 IT-ET Glut,0.3267156593430655
240,29,0.16364470019110397,0.006601886677685407,0.04034280774125735,identity,30 Astro-Epen,0.7879065621223486
203,30,0.15951016775184743,0.007024061960453356,0.044035198880743476,identity,30 Astro-Epen,0.7793209140421348
184,31,0.15467517280893422,0.004384157439375713,0.02834428667353963,identity,30 Astro-Epen,0.5274770412078289
81,32,0.1527040880399606,0.01759425577184227,0.11521797482748523,identity,31 OPC-Oligo,0.669102902743433
141,33,0.14788779998288648,0.00595183921694188,0.04024564039515514,activity,01 IT-ET Glut,0.20624647347347813
166,34,0.14473952005244536,0.01379081745906587,0.0952802486430027,activity,24 MY Glut,0.07481553830469947
197,35,0.13904847705912826,0.0017018660884273638,0.012239372371577078,activity,30 Astro-Epen,0.15386406402123504
46,36,0.13726692065846535,0.002523219325386439,0.018381845482383013,activity,34 Immune,0.12707385923189898
132,37,0.13628364425352568,0.007446193725951616,0.05463747147896643,identity,30 Astro-Epen,0.8954826653035228
230,38,0.13270715789440907,0.008361267645263775,0.06300540059728033,identity,30 Astro-Epen,0.8540720317260979
138,39,0.13265848323676016,0.004789691637540349,0.03610543043064967,identity,30 Astro-Epen,0.7324028612608431
183,40,0.13206258512194877,0.00544295270105967,0.04121494892768878,activity,33 Vascular,0.38216396826070126
182,41,0.13177259829094246,0.01623867946095003,0.12323259669735309,identity,02 NP-CT-L6b Glut,0.6351589237714419
136,42,0.12195570205914291,0.009526674732396575,0.07811586150991591,identity,31 OPC-Oligo,0.8524923125261923
174,43,0.11391815309406725,0.004613245981325014,0.04049614443376424,identity,30 Astro-Epen,0.5603877425524733
164,44,0.11375988073447278,0.004206953100928871,0.03698099078310684,activity,01 IT-ET Glut,0.3401333485659711
191,45,0.11049753669853102,0.0030315160984711867,0.027435146420883863,activity,01 IT-ET Glut,0.1774996619511756
73,46,0.1096617208357664,0.006884600235680594,0.0627803410635078,identity,30 Astro-Epen,0.567429350465194
35,47,0.10926198321066612,0.006149311781297181,0.05628043351035282,activity,02 NP-CT-L6b Glut,0.4555601794867939
120,48,0.1077072441687842,0.02333859589674718,0.21668547994946463,identity,06 CTX-CGE GABA,0.612921128553325
171,49,0.10630469521736537,0.003081198282863998,0.028984592604905657,activity,30 Astro-Epen,0.36246749215343627
56,50,0.1033863240259916,0.004299236572632826,0.04158419029921198,identity,30 Astro-Epen,0.7127667059499028
215,51,0.10262219629699341,0.004624827030387838,0.045066537233362,activity,33 Vascular,0.48126060016415473
190,52,0.10126054596069445,0.017011623954720726,0.1679985407280344,identity,34 Immune,0.9451856105527607
223,53,0.10075093913214596,0.004344728201931573,0.04312345114950227,activity,01 IT-ET Glut,0.33569187464122546
91,54,0.0997375082609715,0.02426302299237116,0.24326879040215182,identity,06 CTX-CGE GABA,0.6619590020371122
13,55,0.09952135411288653,0.007040336236089406,0.07074196587099882,activity,02 NP-CT-L6b Glut,0.448087604516194
175,56,0.09861207152386434,0.00977755895863114,0.09915174488820012,identity,33 Vascular,0.9106607861028596
94,57,0.09771742341412264,0.012799675155410976,0.13098662150726642,identity,33 Vascular,0.8728352418928449
52,58,0.09473487314610861,0.01407469222632696,0.1485692835057657,identity,07 CTX-MGE GABA,0.5382833828336274
51,59,0.0931657266187828,0.013416166391766788,0.1440032389449749,identity,31 OPC-Oligo,0.808644703280936
65,60,0.09287237278251528,0.003722606295720813,0.04008303205990289,identity,30 Astro-Epen,0.7854426168611589
33,61,0.09224396406023139,0.00652350211142567,0.07072009727559085,activity,02 NP-CT-L6b Glut,0.4839993794527039
41,62,0.09163403781371281,0.0016743079332111762,0.018271681278685507,activity,33 Vascular,0.11002914891507654
100,63,0.08891184903215035,0.012796860351533362,0.14392750224895268,identity,34 Immune,0.9920089868655932
137,64,0.08811151018583771,0.004586779059267847,0.05205652530065347,activity,01 IT-ET Glut,0.2590031477766727
23,65,0.0853971821256457,0.002710782269276486,0.0317432285445682,activity,01 IT-ET Glut,0.30141454492962055
153,66,0.08465434929943062,0.0025616177476945677,0.03025972993583446,activity,16 HY MM Glut,0.22402232442283812
61,67,0.08447493702332456,0.0023327371758709446,0.027614547676156863,identity,30 Astro-Epen,0.5473981481553227
103,68,0.08412537531974824,0.011219581645276462,0.13336738888394226,activity,09 CNU-LGE GABA,0.4720908317119138
173,69,0.07891027889367772,0.010889865283865876,0.13800312755881503,activity,14 HY Glut,0.28941003062986753
165,70,0.07856664361306454,0.00932693176043356,0.11871363382109175,identity,33 Vascular,0.9388469307839076
17,71,0.07787700413457183,0.009768433179228639,0.12543411611402952,activity,12 HY GABA,0.29040809747205754
154,72,0.0769287946781817,0.005170763116692139,0.06721492437679716,activity,01 IT-ET Glut,0.4418068394360654
221,73,0.07582665393772905,0.002237536415515345,0.02950857382356436,activity,05 OB-IMN GABA,0.07609023833654496
208,74,0.07574602023092977,0.005693726131691524,0.07516865063448673,activity,04 DG-IMN Glut,0.37095722840866824
210,75,0.07573954123455422,0.0041847407753145705,0.05525173122391967,activity,01 IT-ET Glut,0.26016478237009494
185,76,0.07523762099462893,0.0012964853402231541,0.01723187579676008,activity,14 HY Glut,0.06962011377268243
48,77,0.07514422296275798,0.013352076738831434,0.1776860044909749,identity,09 CNU-LGE GABA,0.660514796961178
50,78,0.0677975611066143,0.002388330808450679,0.03522738531397812,identity,30 Astro-Epen,0.7663926290143442
84,79,0.06715289173913713,0.002858460579346001,0.04256645552137961,identity,30 Astro-Epen,0.7167574803252735
199,80,0.06366980410624205,0.005854521653795298,0.0919513062114374,identity,33 Vascular,0.8239933907585557
79,81,0.06337710973413765,0.00275139288440437,0.04341303817650036,activity,01 IT-ET Glut,0.3044352603562031
45,82,0.056476284480527064,0.012398728614475066,0.21953867412701572,identity,07 CTX-MGE GABA,0.6942900276506558
57,83,0.053220040492365485,0.009389405747707818,0.17642612934604485,activity,12 HY GABA,0.3468048230553383
169,84,0.053086484699093085,0.004564850800250493,0.08598894475920116,activity,20 MB GABA,0.3013245100293943
177,85,0.05141097567541105,0.0069654134422083526,0.13548494948209638,identity,06 CTX-CGE GABA,0.5587632451926753
148,86,0.045276699042821326,0.0012151140986699275,0.02683751519784403,activity,01 IT-ET Glut,0.23263226337954182
82,87,0.04458580501849235,0.00496569941861887,0.11137399933811451,identity,02 NP-CT-L6b Glut,0.573009325808579
236,88,0.042686117202491526,0.003057245746790032,0.0716215469373163,activity,01 IT-ET Glut,0.43956363798810943
64,89,0.04116556563470237,0.0007180601431521057,0.01744322304530135,activity,04 DG-IMN Glut,0.068277417980671
139,90,0.04097544559536541,0.0018994116605062599,0.046354875045485675,activity,01 IT-ET Glut,0.31525585198046857
232,91,0.04064249913541448,0.005162071320034971,0.12701166094229965,activity,06 CTX-CGE GABA,0.45663877522902097
133,92,0.04026341106512967,0.0019378148820623582,0.04812843300652717,identity,30 Astro-Epen,0.8317635470815434
102,93,0.03784211498173884,0.003260183907428268,0.0861522647188591,activity,26 P GABA,0.1727600669453674
131,94,0.03718452205610949,0.00466989500125511,0.12558706534424413,identity,34 Immune,0.9300508715853336
8,95,0.03398834580702246,0.008861584081781688,0.2607241944664092,identity,09 CNU-LGE GABA,0.800838355764522
7,96,0.03353493344489053,0.00408493790439585,0.12181142124849638,activity,07 CTX-MGE GABA,0.49859743834667747
70,97,0.031538822347173555,0.0013143497831385922,0.041674028556630036,identity,30 Astro-Epen,0.7206679519439073
36,98,0.02970552084879203,0.004892394160532535,0.16469646115400408,identity,23 P Glut,0.656999262534584
193,99,0.02966866079848632,0.0019071865593350984,0.06428286643232653,activity,26 P GABA,0.20702630274856743
22,100,0.02901310676273597,0.005935151976389258,0.20456795699012437,identity,06 CTX-CGE GABA,0.6526955061407159
37,101,0.02888119530919543,0.0023535819641135472,0.081491847512426,activity,24 MY Glut,0.2859673123111158
15,102,0.025924289682174768,0.0028852029547725357,0.11129342366345979,activity,14 HY Glut,0.16125086630033358
218,103,0.02528403206078793,0.0007804241271940041,0.03086628451180992,identity,33 Vascular,0.5883551442702427
69,104,0.025137007141757685,0.003145511743506397,0.12513469585967782,identity,33 Vascular,0.8904333985063505
27,105,0.023787647731999248,0.0017561632120655327,0.0738266865160919,identity,30 Astro-Epen,0.7118371385642939
129,106,0.01930368047642947,0.0003244262924256681,0.01680644749698406,activity,30 Astro-Epen,0.3806978386448714
228,107,0.017531070053811187,0.000938492300162593,0.05353308710089652,identity,30 Astro-Epen,0.8761560043121006
194,108,0.016423296185295495,0.002698500739041893,0.1643093267390489,identity,20 MB GABA,0.5170003855907847
12,109,0.014747328821556422,0.0012472097696235944,0.08457191025675963,activity,19 MB Glut,0.20151111388121848
170,110,0.012879734674604574,0.001420242099878003,0.11026951530906488,activity,24 MY Glut,0.20451082743310392
95,111,0.012599085447801965,0.0016377443239041535,0.12998914331435654,identity,02 NP-CT-L6b Glut,0.6959508161441741
28,112,0.011884876825826111,0.0021660786374614912,0.1822550346297702,identity,09 CNU-LGE GABA,0.7346977698075852
10,113,0.010448606647489513,0.0004633450326816316,0.044345150345281636,identity,30 Astro-Epen,0.8553182892800065
161,114,0.009511731170942896,0.000878780711993953,0.09238914517249121,activity,26 P GABA,0.3798846052919729
66,115,0.005949685107471027,0.0007087768228448371,0.11912845974904203,identity,31 OPC-Oligo,0.8413870006696723
207,116,0.005656245282232914,0.0005605909850737902,0.09911009107661717,identity,01 IT-ET Glut,0.5372927396416133
113,117,0.0034834358651605352,0.00014693172319122828,0.04218011436948241,identity,30 Astro-Epen,0.8174212576392503
142,118,0.0006339868946707455,0.00033764567623621494,0.532575166891372,identity,05 OB-IMN GABA,0.9229573490221825
44,119,-0.0003901414857052099,-4.428723322057429e-05,0.11351582654821189,activity,19 MB Glut,0.18255297051531139
99,120,-0.0009688328602893303,-0.0001624201555556117,0.16764517618354405,identity,33 Vascular,0.924159856518818
201,121,-0.0009782251697964708,-0.0004419404328420372,0.4517778181213505,identity,16 HY MM Glut,0.8065930757723445
111,122,-0.003037028251191058,-0.00026975030700042494,0.08882047998553672,identity,31 OPC-Oligo,0.7937520725105547
118,123,-0.00613154540097922,-0.0006045155426636705,0.09859105708768433,activity,23 P Glut,0.38534045729018335
168,124,-0.00816113008185219,-0.00030503678629899397,0.03737678277880911,activity,05 OB-IMN GABA,0.2665547248862726
108,125,-0.009026497023683784,-0.0004413767656308674,0.04889790186301287,identity,30 Astro-Epen,0.7963965269825718
75,126,-0.010226463442489574,-0.0025797746942640494,0.2522645984872379,identity,21 MB Dopa,0.6423648172304861
18,127,-0.010334422576138053,-0.0032020525233573583,0.30984338987171134,identity,07 CTX-MGE GABA,0.7384932531345155
200,128,-0.010433283226252596,-0.004007626231104545,0.3841193749078347,identity,21 MB Dopa,0.7952630552649383
29,129,-0.011374286019057432,-0.0005491034208358238,0.04827585836296097,identity,30 Astro-Epen,0.8362606192479218
144,130,-0.011566716734680937,-0.0017706898337350244,0.15308491375308744,activity,07 CTX-MGE GABA,0.4929733249945366
68,131,-0.013534921137035038,-0.0014662367464537824,0.10832990688374092,identity,33 Vascular,0.7415329355435611
16,132,-0.013732969128428002,-0.0007137618724428946,0.051974330224435455,identity,30 Astro-Epen,0.7967171717393094
216,133,-0.0137541765736356,-0.001510187423082903,0.10979846121633144,activity,26 P GABA,0.33578837933310735
87,134,-0.017700528605942383,-0.0002328444894549625,0.013154663040785825,activity,22 MB-HB Sero,0.07913612562173396
20,135,-0.019960629593813926,-0.0009654321867644046,0.04836682040648684,activity,01 IT-ET Glut,0.41956504088493646
78,136,-0.020228061649526393,-0.004060817709826155,0.20075169732939946,identity,33 Vascular,0.8838611993193427
40,137,-0.021510975047801337,-0.010139710315624243,0.4713738123489031,identity,03 OB-CR Glut,0.8719254498319149
140,138,-0.02660965768238819,-0.0005331960246567905,0.020037688234136528,activity,34 Immune,0.12799319339063941
214,139,-0.028282645066484223,-0.010923188105520051,0.38621522420702986,identity,06 CTX-CGE GABA,0.6626933870820177
134,140,-0.0322251596547304,-0.0009342064166342084,0.028989970155107493,activity,04 DG-IMN Glut,0.1064654578638559
152,141,-0.03382803268001582,-0.005324513606563943,0.15739944610226894,activity,06 CTX-CGE GABA,0.48611730394814
59,142,-0.034550282515846215,-0.002123235790903925,0.06145350012493009,activity,01 IT-ET Glut,0.4294385942144753
226,143,-0.038448231562752816,-0.0038464434283378302,0.10004214165376903,activity,26 P GABA,0.31031852593858317
101,144,-0.038893562949840255,-0.007521076617343593,0.193375871144623,identity,02 NP-CT-L6b Glut,0.5840941358199307
187,145,-0.041731474783241594,-0.0013536688051666464,0.03243759805273522,activity,30 Astro-Epen,0.3307162666405084
206,146,-0.043115126223222895,-0.004476649708544555,0.10383014270600276,activity,14 HY Glut,0.3277880196855214
128,147,-0.04559184299489772,-0.001636122430861213,0.0358862972712973,identity,30 Astro-Epen,0.7894569156427743
198,148,-0.04622397236432846,-0.00201012269286226,0.0434865847750786,identity,30 Astro-Epen,0.72686820423266
123,149,-0.04705219018832091,-0.001628937053887774,0.03461979234905205,activity,01 IT-ET Glut,0.2417766011278794
192,150,-0.0474483726363622,-0.00312920589168552,0.06594969896369941,activity,19 MB Glut,0.22467460816315632
237,151,-0.051301881296723736,-0.005697360227817256,0.11105558088336817,identity,31 OPC-Oligo,0.8170785985718257
67,152,-0.05200779786166073,-0.0005006371171525556,0.00962619333516555,activity,30 Astro-Epen,0.16172002412585312
217,153,-0.053252427863882804,-0.01966106642604491,0.369205071293652,identity,22 MB-HB Sero,0.6813243065018
205,154,-0.05360323851354211,-0.0014778977237484452,0.027571052882841677,activity,13 CNU-HYa Glut,0.12947022301696176
42,155,-0.05520682277972466,-0.002012238634494607,0.03644909330362016,identity,30 Astro-Epen,0.7045780682602882
146,156,-0.05559687907219295,-0.010718325843076606,0.19278646611006317,identity,07 CTX-MGE GABA,0.5979673642228764
97,157,-0.05599344552031821,-0.005444861390336283,0.09724104919316885,activity,20 MB GABA,0.33282697953983587
222,158,-0.06006598744991846,-0.0026718878703714836,0.04448254301320257,identity,30 Astro-Epen,0.8494883316964895
98,159,-0.06072817406772053,-0.005100480142660604,0.0839886958724108,identity,33 Vascular,0.6975075818414066
74,160,-0.06518707090034663,-0.012759722907214999,0.19574008666106746,identity,34 Immune,0.9426829061527968
32,161,-0.06596843555784228,-0.003972550722076981,0.060218962121570685,activity,22 MB-HB Sero,0.18415845510791243
58,162,-0.06816974582782574,-0.0018703426704064414,0.027436550447618054,activity,07 CTX-MGE GABA,0.12875968506707394
14,163,-0.06995846065756743,-0.0059036554127945805,0.08438801193313536,activity,24 MY Glut,0.13954735843768176
159,164,-0.0716121146485501,-0.029439296530554694,0.4110938027041035,identity,04 DG-IMN Glut,0.8599939490166785
234,165,-0.07330409974905659,-0.009615107691911783,0.13116739343130024,identity,33 Vascular,0.8609992223569354
202,166,-0.07367133451667952,-0.014064472475944311,0.19090834404201068,identity,09 CNU-LGE GABA,0.7327145253548456
85,167,-0.07371855941778366,-0.018079644240904684,0.2452522727477933,identity,34 Immune,0.9626985706259106
126,168,-0.0746283502117468,-0.01224389666729747,0.16406495162437923,activity,24 MY Glut,0.20102380818053006
106,169,-0.08390769978190678,-0.024083013203421638,0.28701791690176587,identity,05 OB-IMN GABA,0.8895963149214497
19,170,-0.0870949031861824,-0.014474672604423993,0.16619425563263499,identity,33 Vascular,0.9186501226808587
212,171,-0.09010937827325059,-0.0013647072009548924,0.015145007402187485,activity,33 Vascular,0.29286213578303183
77,172,-0.0935024522545164,-0.007345555632007453,0.07856003190175843,identity,31 OPC-Oligo,0.8763780379015986
6,173,-0.09406850320067991,-0.005388942438356544,0.057287426237240195,activity,22 MB-HB Sero,0.11707256771533435
155,174,-0.10154112659802429,-0.027218947563805395,0.2680583570000985,identity,33 Vascular,0.9581108634906089
114,175,-0.10212527744066566,-0.009978089612165338,0.09770440641360867,activity,26 P GABA,0.4370395945916982
233,176,-0.10340423088076922,-0.01704232725230371,0.16481266875776535,identity,33 Vascular,0.9391743379262834
130,177,-0.10403335379044316,-0.0545543231190437,0.5243926215138056,identity,04 DG-IMN Glut,0.8961903358660487
24,178,-0.10444209434117921,-0.013615853895073136,0.13036749196731404,identity,33 Vascular,0.9103227926261329
38,179,-0.10491733447671299,-0.001186056519973219,0.011304676447307867,activity,31 OPC-Oligo,0.2131364858691386
71,180,-0.1067997263754662,-0.00763628827345716,0.07150100971804879,identity,31 OPC-Oligo,0.8970421700348736
127,181,-0.10720801617572157,-0.002243649982590658,0.020928005783757402,activity,01 IT-ET Glut,0.17672645159019293
31,182,-0.10731461704071595,-0.0032111601855083975,0.02992285929036172,activity,01 IT-ET Glut,0.27146022865936187
72,183,-0.10977578026416353,-0.007149118627584112,0.06512473525927606,activity,19 MB Glut,0.26417382114477034
86,184,-0.11075580725939664,-0.007219263298102219,0.06518180379647523,identity,33 Vascular,0.729585067735053
39,185,-0.11321360515192547,-0.0034238804098906937,0.03024265860358447,identity,30 Astro-Epen,0.7137249104889128
21,186,-0.11426007101512277,-0.022424093072104606,0.19625484977281948,identity,34 Immune,0.9836703518704151
231,187,-0.126559851385418,-0.005883716872269144,0.046489600041890185,activity,01 IT-ET Glut,0.2664469932544185
238,188,-0.12739767507879649,-0.021952011016979068,0.1723109232833454,identity,09 CNU-LGE GABA,0.7101484038262214
135,189,-0.130121962690235,-0.008441447362832082,0.06487334795992568,activity,19 MB Glut,0.2924977676083009
121,190,-0.13733768954887804,-0.003464708955438068,0.025227663045874885,activity,24 MY Glut,0.08311523306492867
47,191,-0.14547583837013342,-0.010649559785901536,0.07320500713531491,identity,31 OPC-Oligo,0.8925510917284314
195,192,-0.15351848749395142,-0.011617939375969843,0.0756777868621692,identity,30 Astro-Epen,0.7262746585756987
239,193,-0.1552343822430057,-0.01438368570760255,0.09265786032559566,activity,23 P Glut,0.31078752728730696
213,194,-0.15804235829143684,-0.017881074417364303,0.11314102504336743,identity,09 CNU-LGE GABA,0.5175388682970739
34,195,-0.15973773072732123,-0.012901027768799759,0.08076381021602426,identity,31 OPC-Oligo,0.7700075511933852
143,196,-0.16390772340203,-0.007006868903864784,0.04274886355829895,identity,30 Astro-Epen,0.8599606616315214
25,197,-0.171057280923836,-0.006252248142827855,0.036550611052982275,activity,05 OB-IMN GABA,0.21092492492976864
93,198,-0.17758981430511372,-0.007396495954075871,0.04164932534569854,identity,30 Astro-Epen,0.7774628166018474
96,199,-0.18539284139749382,-0.02027072238398822,0.10933929396187703,identity,01 IT-ET Glut,0.5557595248370987
2,200,-0.19287938001810037,-0.015140888607308233,0.07849926003436639,identity,01 IT-ET Glut,0.5344759304400195
80,201,-0.2021066057196347,-0.00696778805015963,0.034475805604421705,activity,01 IT-ET Glut,0.130085916138329
151,202,-0.20309225848386606,-0.05096993488047411,0.25096936368218703,identity,09 CNU-LGE GABA,0.8180171720785533
107,203,-0.20335069897670482,-0.007623869372220176,0.037491237603729806,identity,30 Astro-Epen,0.7454528709255832
160,204,-0.20882698651909123,-0.046659575590344504,0.22343652210907533,identity,02 NP-CT-L6b Glut,0.7711438342035792
220,205,-0.21281587139536004,-0.031247244580224095,0.14682760442323556,identity,34 Immune,0.9233537842019474
119,206,-0.22727224341318356,-0.013005209369001422,0.057223043050434456,activity,01 IT-ET Glut,0.1632798570791947
26,207,-0.23131201527164139,-0.010523414631355612,0.045494457427978544,activity,01 IT-ET Glut,0.19049775539930935
147,208,-0.2338568050221493,-0.018620835925465977,0.07962494794069533,identity,01 IT-ET Glut,0.5027054869786983
83,209,-0.2421813461049755,-0.027244343437074655,0.11249563137395963,identity,05 OB-IMN GABA,0.6897044811525594
4,210,-0.2536439356598219,-0.004413306482078532,0.017399613637904987,activity,31 OPC-Oligo,0.3599729400204338
104,211,-0.26394197031647637,-0.0217060259036515,0.08223787174743433,activity,04 DG-IMN Glut,0.10464676020222342
63,212,-0.27038327504624754,-0.009132901609584984,0.0337776129386067,identity,30 Astro-Epen,0.5982505315527369
172,213,-0.2755701499703891,-0.003029676239518762,0.010994210511712935,activity,33 Vascular,0.15997692205664724
176,214,-0.28527387032323714,-0.019773563661683934,0.06931431763897258,identity,31 OPC-Oligo,0.751665803920657
5,215,-0.31459253601543896,-0.011738932179965312,0.037314719314857525,identity,30 Astro-Epen,0.6072717311932099
9,216,-0.3384075417178723,-0.07034132639847306,0.2078598072649222,identity,02 NP-CT-L6b Glut,0.7699068739635991
55,217,-0.4198075613530649,-0.0193965610533977,0.046203458057976425,activity,01 IT-ET Glut,0.3538005828844007
53,218,-0.4832004661772256,-0.008728368052614654,0.018063658178287666,activity,03 OB-CR Glut,0.07803467179040399
11,219,-0.515643741412242,-0.07979388550661555,0.15474615339667758,identity,34 Immune,0.8962363510641292
117,220,-0.5470257318074231,-0.04472788294631994,0.0817655922666287,identity,31 OPC-Oligo,0.9006320112063273
156,221,-0.5548712041030558,-0.041188714288720105,0.07423112604176546,identity,31 OPC-Oligo,0.8941956268034342
158,222,-0.5982363625094012,-0.06951785447237978,0.1162046622856151,activity,13 CNU-HYa Glut,0.4665725397269669
62,223,-0.602290340538704,-0.023689611187697333,0.039332543780311556,activity,03 OB-CR Glut,0.0885470691265411
90,224,-0.625368961607668,-0.03593342830200775,0.05745956468583258,activity,03 OB-CR Glut,0.1383626122849225
125,225,-0.6415551192480292,-0.08120741377991275,0.12657901300062335,identity,34 Immune,0.9607632523755055
76,226,-0.684174134633947,-0.022484319648957567,0.03286344588426648,identity,30 Astro-Epen,0.5764720518914073
149,227,-0.7228670895621585,-0.03153373091114557,0.043623138148737126,identity,31 OPC-Oligo,0.5548066214960733
92,228,-0.7400460970419975,-0.06547676739077082,0.08847660659583889,identity,33 Vascular,0.9080651822887347
105,229,-0.7593824071176047,-0.04993092405509245,0.06575201583167531,identity,31 OPC-Oligo,0.8864319640763928
162,230,-0.7618402867734718,-0.1151198141600593,0.15110754335086696,identity,33 Vascular,0.9517105500858049
224,231,-0.8244637781982913,-0.16511762500622554,0.20027274620488322,identity,13 CNU-HYa Glut,0.7108634925019711
89,232,-0.8308150764462957,-0.053959386743008264,0.06494752956796665,identity,31 OPC-Oligo,0.5807889600699923
43,233,-0.8373991255749227,-0.05455017893738747,0.06514238822489292,identity,31 OPC-Oligo,0.751793911854203
145,234,-0.8389065705152621,-0.033690477778820144,0.0401599879687761,identity,30 Astro-Epen,0.8238850922617039
112,235,-0.8989135544471917,-0.11775899095747387,0.13100146323846742,identity,31 OPC-Oligo,0.954934207356768
204,236,-0.9058998343604857,-0.03228870219681459,0.03564268473413354,identity,31 OPC-Oligo,0.582295369230922
167,237,-0.9682247414456258,-0.03850653684124752,0.03977024671333499,identity,30 Astro-Epen,0.763376830105926
1,238,-0.9856284992749133,-0.10646905342520697,0.10802148426464121,identity,31 OPC-Oligo,0.8852755048530632
211,239,-1.1718514034466652,-0.018013558953659834,0.015371879831075947,activity,31 OPC-Oligo,0.4374156229728867
229,240,-1.3466619436307217,-0.09427739965391997,0.07000821557319696,identity,31 OPC-Oligo,0.7671467621417065
