program_id,age,bin_index,bin_left,bin_right,bin_fraction
179,young,0,0.0,0.008276011943817139,0.8118668578673519
179,young,1,0.008276011943817139,0.016552023887634278,0.03939330500916398
179,young,2,0.016552023887634278,0.024828035831451416,0.030019440843589543
179,young,3,0.024828035831451416,0.033104047775268555,0.024404590105500588
179,young,4,0.033104047775268555,0.04138005971908569,0.020224756108238682
179,young,5,0.04138005971908569,0.04965607166290283,0.016496687233584873
179,young,6,0.04965607166290283,0.057932083606719975,0.01286878481058432
179,young,7,0.057932083606719975,0.06620809555053711,0.011356482837663974
179,young,8,0.06620809555053711,0.07448410749435425,0.008648812155523574
179,young,9,0.07448410749435425,0.08276011943817138,0.006905246295745996
179,young,10,0.08276011943817138,0.09103613138198853,0.004980417537893107
179,young,11,0.09103613138198853,0.09931214332580567,0.003658838038055651
179,young,12,0.09931214332580567,0.1075881552696228,0.0028044444405653573
179,young,13,0.1075881552696228,0.11586416721343995,0.0018279195392940984
179,young,14,0.11586416721343995,0.12414017915725709,0.001619735235097904
179,young,15,0.12414017915725709,0.13241619110107422,0.0009978733440876922
179,young,16,0.13241619110107422,0.14069220304489136,0.0006877421186851991
179,young,17,0.14069220304489136,0.1489682149887085,0.0004828664805104895
179,young,18,0.1489682149887085,0.15724422693252563,0.00030734859202525666
179,young,19,0.15724422693252563,0.16552023887634276,0.0001564576761762177
179,young,20,0.16552023887634276,0.17379625082015993,0.00010980080709733968
179,young,21,0.17379625082015993,0.18207226276397706,7.165409778242665e-05
179,young,22,0.18207226276397706,0.1903482747077942,3.900050012839096e-05
179,young,23,0.1903482747077942,0.19862428665161133,2.9230100811616182e-05
179,young,24,0.19862428665161133,0.20690029859542847,1.8062116254349423e-05
179,young,25,0.20690029859542847,0.2151763105392456,1.9130579469395446e-05
179,young,26,0.2151763105392456,0.22345232248306274,0.0
179,young,27,0.22345232248306274,0.2317283344268799,4.515529063587356e-06
179,young,28,0.2317283344268799,0.24000434637069704,0.0
179,young,29,0.24000434637069704,0.24828035831451417,0.0
179,young,30,0.24828035831451417,0.2565563702583313,0.0
179,young,31,0.2565563702583313,0.26483238220214844,0.0
179,young,32,0.26483238220214844,0.2731083941459656,0.0
179,young,33,0.2731083941459656,0.2813844060897827,0.0
179,young,34,0.2813844060897827,0.2896604180335999,0.0
179,young,35,0.2896604180335999,0.297936429977417,0.0
179,young,36,0.297936429977417,0.30621244192123415,0.0
179,young,37,0.30621244192123415,0.31448845386505125,0.0
179,young,38,0.31448845386505125,0.3227644658088684,0.0
179,young,39,0.3227644658088684,0.3310404777526855,0.0
179,young,40,0.3310404777526855,0.3393164896965027,0.0
179,young,41,0.3393164896965027,0.34759250164031985,0.0
179,young,42,0.34759250164031985,0.35586851358413696,0.0
179,young,43,0.35586851358413696,0.3641445255279541,0.0
179,young,44,0.3641445255279541,0.37242053747177123,0.0
179,young,45,0.37242053747177123,0.3806965494155884,0.0
179,young,46,0.3806965494155884,0.3889725613594055,0.0
179,young,47,0.3889725613594055,0.39724857330322266,0.0
179,young,48,0.39724857330322266,0.4055245852470398,0.0
179,young,49,0.4055245852470398,0.41380059719085693,0.0
179,aged,0,0.0,0.008276011943817139,0.7371016124389108
179,aged,1,0.008276011943817139,0.016552023887634278,0.027653503357324118
179,aged,2,0.016552023887634278,0.024828035831451416,0.01939639899649749
179,aged,3,0.024828035831451416,0.033104047775268555,0.016151845103986213
179,aged,4,0.033104047775268555,0.04138005971908569,0.014774653445681992
179,aged,5,0.04138005971908569,0.04965607166290283,0.015427642804039243
179,aged,6,0.04965607166290283,0.057932083606719975,0.014542262376504312
179,aged,7,0.057932083606719975,0.06620809555053711,0.01278915245778228
179,aged,8,0.06620809555053711,0.07448410749435425,0.012587042839792225
179,aged,9,0.07448410749435425,0.08276011943817138,0.012212644405903696
179,aged,10,0.08276011943817138,0.09103613138198853,0.011885537696141635
179,aged,11,0.09103613138198853,0.09931214332580567,0.012009609852199468
179,aged,12,0.09931214332580567,0.1075881552696228,0.010040303846637661
179,aged,13,0.1075881552696228,0.11586416721343995,0.009403155521666902
179,aged,14,0.11586416721343995,0.12414017915725709,0.009265402351304528
179,aged,15,0.12414017915725709,0.13241619110107422,0.008027652293518046
179,aged,16,0.13241619110107422,0.14069220304489136,0.007318738401180074
179,aged,17,0.14069220304489136,0.1489682149887085,0.006942622328686245
179,aged,18,0.1489682149887085,0.15724422693252563,0.006125992989218755
179,aged,19,0.15724422693252563,0.16552023887634276,0.005133976613787675
179,aged,20,0.16552023887634276,0.17379625082015993,0.004607758907003172
179,aged,21,0.17379625082015993,0.18207226276397706,0.003977362757158387
179,aged,22,0.18207226276397706,0.1903482747077942,0.003945824553057512
179,aged,23,0.1903482747077942,0.19862428665161133,0.003266797651348674
179,aged,24,0.19862428665161133,0.20690029859542847,0.00268864855303506
179,aged,25,0.20690029859542847,0.2151763105392456,0.0025433112224045413
179,aged,26,0.2151763105392456,0.22345232248306274,0.002162229061797089
179,aged,27,0.22345232248306274,0.2317283344268799,0.0017632072898167124
179,aged,28,0.2317283344268799,0.24000434637069704,0.0014303306021848884
179,aged,29,0.24000434637069704,0.24828035831451417,0.001087009791617423
179,aged,30,0.24828035831451417,0.2565563702583313,0.0009554247802885931
179,aged,31,0.2565563702583313,0.26483238220214844,0.0006620419145101553
179,aged,32,0.26483238220214844,0.2731083941459656,0.0006124302834555876
179,aged,33,0.2731083941459656,0.2813844060897827,0.0003969995329723388
179,aged,34,0.2813844060897827,0.2896604180335999,0.0003226480927543892
179,aged,35,0.2896604180335999,0.297936429977417,0.00021697881715913915
179,aged,36,0.297936429977417,0.30621244192123415,0.00019149867641826042
179,aged,37,0.30621244192123415,0.31448845386505125,0.0001895610148052174
179,aged,38,0.31448845386505125,0.3227644658088684,7.418198526671634e-05
179,aged,39,0.3227644658088684,0.3310404777526855,2.208666013778092e-05
179,aged,40,0.3310404777526855,0.3393164896965027,3.5191778042915735e-05
179,aged,41,0.3393164896965027,0.34759250164031985,2.81703430116376e-05
179,aged,42,0.34759250164031985,0.35586851358413696,5.107504622974671e-06
179,aged,43,0.35586851358413696,0.3641445255279541,1.3136449359347484e-05
179,aged,44,0.3641445255279541,0.37242053747177123,4.1127071732031084e-06
179,aged,45,0.37242053747177123,0.3806965494155884,3.011282956632883e-06
179,aged,46,0.3806965494155884,0.3889725613594055,0.0
179,aged,47,0.3889725613594055,0.39724857330322266,2.5859733547519548e-06
179,aged,48,0.39724857330322266,0.4055245852470398,0.0
179,aged,49,0.4055245852470398,0.41380059719085693,2.6016935575164045e-06
163,young,0,0.0,0.008468192219734192,0.77738174238462
163,young,1,0.008468192219734192,0.016936384439468384,0.03690075214295679
163,young,2,0.016936384439468384,0.025404576659202576,0.029750921687142155
163,young,3,0.025404576659202576,0.03387276887893677,0.025682832915794103
163,young,4,0.03387276887893677,0.04234096109867096,0.0223687337844254
163,young,5,0.04234096109867096,0.05080915331840515,0.019599165881606862
163,young,6,0.05080915331840515,0.05927734553813935,0.015570992433123734
163,young,7,0.05927734553813935,0.06774553775787354,0.012907160641823394
163,young,8,0.06774553775787354,0.07621372997760772,0.011456108762219485
163,young,9,0.07621372997760772,0.08468192219734191,0.009201645419757362
163,young,10,0.08468192219734191,0.09315011441707612,0.007586327676494136
163,young,11,0.09315011441707612,0.1016183066368103,0.00686294732949558
163,young,12,0.1016183066368103,0.11008649885654449,0.0055469918328822825
163,young,13,0.11008649885654449,0.1185546910762787,0.004053778212846391
163,young,14,0.1185546910762787,0.12702288329601288,0.00359519638298011
163,young,15,0.12702288329601288,0.13549107551574707,0.002778714148582387
163,young,16,0.13549107551574707,0.14395926773548126,0.0021911077714610993
163,young,17,0.14395926773548126,0.15242745995521545,0.0016267352282235271
163,young,18,0.15242745995521545,0.16089565217494964,0.0011093093622411441
163,young,19,0.16089565217494964,0.16936384439468383,0.001099625588681038
163,young,20,0.16936384439468383,0.17783203661441804,0.0007928469783578839
163,young,21,0.17783203661441804,0.18630022883415223,0.0006852211317630216
163,young,22,0.18630022883415223,0.19476842105388642,0.00044122636960032254
163,young,23,0.19476842105388642,0.2032366132736206,0.00030726483209147126
163,young,24,0.2032366132736206,0.2117048054933548,0.00024565780169449414
163,young,25,0.2117048054933548,0.22017299771308899,0.00012761073755795252
163,young,26,0.22017299771308899,0.22864118993282317,4.808510604640745e-05
163,young,27,0.22864118993282317,0.2371093821525574,3.8787617820196397e-05
163,young,28,0.2371093821525574,0.24557757437229158,1.5941189117582958e-05
163,young,29,0.24557757437229158,0.25404576659202577,1.0627459411721972e-05
163,young,30,0.25404576659202577,0.26251395881175993,5.313729705860986e-06
163,young,31,0.26251395881175993,0.27098215103149415,5.313729705860986e-06
163,young,32,0.27098215103149415,0.27945034325122836,0.0
163,young,33,0.27945034325122836,0.2879185354709625,5.313729705860986e-06
163,young,34,0.2879185354709625,0.29638672769069674,0.0
163,young,35,0.29638672769069674,0.3048549199104309,0.0
163,young,36,0.3048549199104309,0.3133231121301651,0.0
163,young,37,0.3133231121301651,0.3217913043498993,0.0
163,young,38,0.3217913043498993,0.3302594965696335,0.0
163,young,39,0.3302594965696335,0.33872768878936765,0.0
163,young,40,0.33872768878936765,0.34719588100910187,0.0
163,young,41,0.34719588100910187,0.3556640732288361,0.0
163,young,42,0.3556640732288361,0.36413226544857025,0.0
163,young,43,0.36413226544857025,0.37260045766830446,0.0
163,young,44,0.37260045766830446,0.3810686498880386,0.0
163,young,45,0.3810686498880386,0.38953684210777284,0.0
163,young,46,0.38953684210777284,0.398005034327507,0.0
163,young,47,0.398005034327507,0.4064732265472412,0.0
163,young,48,0.4064732265472412,0.41494141876697543,0.0
163,young,49,0.41494141876697543,0.4234096109867096,0.0
163,aged,0,0.0,0.008468192219734192,0.7174817350929347
163,aged,1,0.008468192219734192,0.016936384439468384,0.023745125698490143
163,aged,2,0.016936384439468384,0.025404576659202576,0.017995984122334368
163,aged,3,0.025404576659202576,0.03387276887893677,0.019025296746590127
163,aged,4,0.03387276887893677,0.04234096109867096,0.0188168031976043
163,aged,5,0.04234096109867096,0.05080915331840515,0.017632860852872457
163,aged,6,0.05080915331840515,0.05927734553813935,0.016143090957053265
163,aged,7,0.05927734553813935,0.06774553775787354,0.015140998970627255
163,aged,8,0.06774553775787354,0.07621372997760772,0.012888677796356449
163,aged,9,0.07621372997760772,0.08468192219734191,0.013481407928699939
163,aged,10,0.08468192219734191,0.09315011441707612,0.013495288297944821
163,aged,11,0.09315011441707612,0.1016183066368103,0.011237402794912796
163,aged,12,0.1016183066368103,0.11008649885654449,0.009782051813404982
163,aged,13,0.11008649885654449,0.1185546910762787,0.010018832852324095
163,aged,14,0.1185546910762787,0.12702288329601288,0.009035985050180046
163,aged,15,0.12702288329601288,0.13549107551574707,0.00783868035713141
163,aged,16,0.13549107551574707,0.14395926773548126,0.0071995196225528545
163,aged,17,0.14395926773548126,0.15242745995521545,0.00702040938010295
163,aged,18,0.15242745995521545,0.16089565217494964,0.005877632409381636
163,aged,19,0.16089565217494964,0.16936384439468383,0.005434795244984268
163,aged,20,0.16936384439468383,0.17783203661441804,0.004790944240305785
163,aged,21,0.17783203661441804,0.18630022883415223,0.004638677548111841
163,aged,22,0.18630022883415223,0.19476842105388642,0.004139328947854628
163,aged,23,0.19476842105388642,0.2032366132736206,0.003735834538618915
163,aged,24,0.2032366132736206,0.2117048054933548,0.003121461342464923
163,aged,25,0.2117048054933548,0.22017299771308899,0.002829060833513421
163,aged,26,0.22017299771308899,0.22864118993282317,0.002458956905190795
163,aged,27,0.22864118993282317,0.2371093821525574,0.0021559624679316977
163,aged,28,0.2371093821525574,0.24557757437229158,0.0018846242614648187
163,aged,29,0.24557757437229158,0.25404576659202577,0.0015921900454774762
163,aged,30,0.25404576659202577,0.26251395881175993,0.0014355321218506873
163,aged,31,0.26251395881175993,0.27098215103149415,0.0013482082078910883
163,aged,32,0.27098215103149415,0.27945034325122836,0.0011892737620195911
163,aged,33,0.27945034325122836,0.2879185354709625,0.001067041252507301
163,aged,34,0.2879185354709625,0.29638672769069674,0.00094079594238618
163,aged,35,0.29638672769069674,0.3048549199104309,0.0006644888062478522
163,aged,36,0.3048549199104309,0.3133231121301651,0.000668919841445338
163,aged,37,0.3133231121301651,0.3217913043498993,0.000545511072375713
163,aged,38,0.3217913043498993,0.3302594965696335,0.00040568251481103976
163,aged,39,0.3302594965696335,0.33872768878936765,0.0003025035066224029
163,aged,40,0.33872768878936765,0.34719588100910187,0.00025475326692326147
163,aged,41,0.34719588100910187,0.3556640732288361,0.00016286574940609414
163,aged,42,0.3556640732288361,0.36413226544857025,0.00013703524200103155
163,aged,43,0.36413226544857025,0.37260045766830446,7.880472258872276e-05
163,aged,44,0.37260045766830446,0.3810686498880386,5.51591899047974e-05
163,aged,45,0.3810686498880386,0.38953684210777284,6.079803979308444e-05
163,aged,46,0.38953684210777284,0.398005034327507,8.719000978605574e-06
163,aged,47,0.398005034327507,0.4064732265472412,1.8249796348526592e-05
163,aged,48,0.4064732265472412,0.41494141876697543,9.071937042854648e-06
163,aged,49,0.41494141876697543,0.4234096109867096,6.965709430747563e-06
122,young,0,0.0,0.008171584606170654,0.6900051275328486
122,young,1,0.008171584606170654,0.01634316921234131,0.08522561684684582
122,young,2,0.01634316921234131,0.024514753818511963,0.07349818267007571
122,young,3,0.024514753818511963,0.03268633842468262,0.05472209806719614
122,young,4,0.03268633842468262,0.04085792303085327,0.03909325412646377
122,young,5,0.04085792303085327,0.04902950763702393,0.024775626889626937
122,young,6,0.04902950763702393,0.057201092243194585,0.012457236802854701
122,young,7,0.057201092243194585,0.06537267684936524,0.009739982655292613
122,young,8,0.06537267684936524,0.07354426145553589,0.0046453360795093105
122,young,9,0.07354426145553589,0.08171584606170654,0.002295546588926774
122,young,10,0.08171584606170654,0.0898874306678772,0.0014683202402804968
122,young,11,0.0898874306678772,0.09805901527404785,0.0014481820384101647
122,young,12,0.09805901527404785,0.1062305998802185,0.000397439214963646
122,young,13,0.1062305998802185,0.11440218448638917,2.081219136765108e-05
122,young,14,0.11440218448638917,0.12257376909255982,5.973818905137106e-05
122,young,15,0.12257376909255982,0.13074535369873047,0.0
122,young,16,0.13074535369873047,0.13891693830490112,0.0
122,young,17,0.13891693830490112,0.14708852291107177,0.0
122,young,18,0.14708852291107177,0.15526010751724242,4.0748079940874745e-05
122,young,19,0.15526010751724242,0.16343169212341307,0.0
122,young,20,0.16343169212341307,0.17160327672958375,0.0
122,young,21,0.17160327672958375,0.1797748613357544,0.0
122,young,22,0.1797748613357544,0.18794644594192506,2.0214452189990083e-05
122,young,23,0.18794644594192506,0.1961180305480957,0.0
122,young,24,0.1961180305480957,0.20428961515426636,2.0214452189990083e-05
122,young,25,0.20428961515426636,0.212461199760437,0.0
122,young,26,0.212461199760437,0.22063278436660766,4.8846278793477615e-05
122,young,27,0.22063278436660766,0.22880436897277834,0.0
122,young,28,0.22880436897277834,0.236975953578949,1.747660313491242e-05
122,young,29,0.236975953578949,0.24514753818511964,0.0
122,young,30,0.24514753818511964,0.25331912279129026,0.0
122,young,31,0.25331912279129026,0.26149070739746094,0.0
122,young,32,0.26149070739746094,0.2696622920036316,0.0
122,young,33,0.2696622920036316,0.27783387660980224,0.0
122,young,34,0.27783387660980224,0.2860054612159729,0.0
122,young,35,0.2860054612159729,0.29417704582214355,0.0
122,young,36,0.29417704582214355,0.3023486304283142,0.0
122,young,37,0.3023486304283142,0.31052021503448485,0.0
122,young,38,0.31052021503448485,0.3186917996406555,0.0
122,young,39,0.3186917996406555,0.32686338424682615,0.0
122,young,40,0.32686338424682615,0.33503496885299683,0.0
122,young,41,0.33503496885299683,0.3432065534591675,0.0
122,young,42,0.3432065534591675,0.35137813806533813,0.0
122,young,43,0.35137813806533813,0.3595497226715088,0.0
122,young,44,0.3595497226715088,0.36772130727767943,0.0
122,young,45,0.36772130727767943,0.3758928918838501,0.0
122,young,46,0.3758928918838501,0.38406447649002073,0.0
122,young,47,0.38406447649002073,0.3922360610961914,0.0
122,young,48,0.3922360610961914,0.4004076457023621,0.0
122,young,49,0.4004076457023621,0.4085792303085327,0.0
122,aged,0,0.0,0.008171584606170654,0.5309959961037267
122,aged,1,0.008171584606170654,0.01634316921234131,0.08072137350651022
122,aged,2,0.01634316921234131,0.024514753818511963,0.07602615635974933
122,aged,3,0.024514753818511963,0.03268633842468262,0.07129766675794329
122,aged,4,0.03268633842468262,0.04085792303085327,0.05861261570493708
122,aged,5,0.04085792303085327,0.04902950763702393,0.04787092504656268
122,aged,6,0.04902950763702393,0.057201092243194585,0.03618816012006912
122,aged,7,0.057201092243194585,0.06537267684936524,0.025944787024854615
122,aged,8,0.06537267684936524,0.07354426145553589,0.017618411273693683
122,aged,9,0.07354426145553589,0.08171584606170654,0.011135569940481658
122,aged,10,0.08171584606170654,0.0898874306678772,0.006737381062809243
122,aged,11,0.0898874306678772,0.09805901527404785,0.004119197259802282
122,aged,12,0.09805901527404785,0.1062305998802185,0.0027864524882568694
122,aged,13,0.1062305998802185,0.11440218448638917,0.0014809141530034342
122,aged,14,0.11440218448638917,0.12257376909255982,0.0010042431590817542
122,aged,15,0.12257376909255982,0.13074535369873047,0.0006205860134306416
122,aged,16,0.13074535369873047,0.13891693830490112,0.0004180971409485914
122,aged,17,0.13891693830490112,0.14708852291107177,0.00035624382902130957
122,aged,18,0.14708852291107177,0.15526010751724242,0.0005324336765158917
122,aged,19,0.15526010751724242,0.16343169212341307,0.0007716600862566567
122,aged,20,0.16343169212341307,0.17160327672958375,0.0008138357179282375
122,aged,21,0.17160327672958375,0.1797748613357544,0.001018906226412204
122,aged,22,0.1797748613357544,0.18794644594192506,0.0010170615413624415
122,aged,23,0.18794644594192506,0.1961180305480957,0.0011753724882586935
122,aged,24,0.1961180305480957,0.20428961515426636,0.0013421602274214634
122,aged,25,0.20428961515426636,0.212461199760437,0.0015849316389153635
122,aged,26,0.212461199760437,0.22063278436660766,0.0017964026862081403
122,aged,27,0.22063278436660766,0.22880436897277834,0.001732877417004843
122,aged,28,0.22880436897277834,0.236975953578949,0.001979465788265008
122,aged,29,0.236975953578949,0.24514753818511964,0.0015713657782414519
122,aged,30,0.24514753818511964,0.25331912279129026,0.002208013092673683
122,aged,31,0.25331912279129026,0.26149070739746094,0.0027358662659161667
122,aged,32,0.26149070739746094,0.2696622920036316,0.0014213538085137746
122,aged,33,0.2696622920036316,0.27783387660980224,0.0016632666614555605
122,aged,34,0.27783387660980224,0.2860054612159729,0.000836472203383754
122,aged,35,0.2860054612159729,0.29417704582214355,0.0005967029232667603
122,aged,36,0.29417704582214355,0.3023486304283142,0.00042912933334553427
122,aged,37,0.3023486304283142,0.31052021503448485,0.00033573812177288613
122,aged,38,0.31052021503448485,0.3186917996406555,0.0001875132192630295
122,aged,39,0.3186917996406555,0.32686338424682615,0.00011563296832988932
122,aged,40,0.32686338424682615,0.33503496885299683,0.00010587856485360813
122,aged,41,0.33503496885299683,0.3432065534591675,6.212423462233911e-05
122,aged,42,0.3432065534591675,0.35137813806533813,0.0
122,aged,43,0.35137813806533813,0.3595497226715088,1.6530796986771886e-05
122,aged,44,0.3595497226715088,0.36772130727767943,9.221260904185679e-06
122,aged,45,0.36772130727767943,0.3758928918838501,0.0
122,aged,46,0.3758928918838501,0.38406447649002073,0.0
122,aged,47,0.38406447649002073,0.3922360610961914,0.0
122,aged,48,0.3922360610961914,0.4004076457023621,0.0
122,aged,49,0.4004076457023621,0.4085792303085327,5.306327004294748e-06
196,young,0,0.0,0.00643093466758728,0.7417108986748643
196,young,1,0.00643093466758728,0.01286186933517456,0.036133038102184385
196,young,2,0.01286186933517456,0.01929280400276184,0.029619502176167455
196,young,3,0.01929280400276184,0.02572373867034912,0.026547448896934372
196,young,4,0.02572373867034912,0.032154673337936396,0.024358589382202842
196,young,5,0.032154673337936396,0.03858560800552368,0.021497817700814773
196,young,6,0.03858560800552368,0.04501654267311096,0.019310572118716018
196,young,7,0.04501654267311096,0.05144747734069824,0.01718037833948805
196,young,8,0.05144747734069824,0.057878412008285515,0.015104096896285106
196,young,9,0.057878412008285515,0.06430934667587279,0.012722538245270984
196,young,10,0.06430934667587279,0.07074028134346008,0.010952369743500735
196,young,11,0.07074028134346008,0.07717121601104736,0.009325866770033709
196,young,12,0.07717121601104736,0.08360215067863463,0.0072432698522892445
196,young,13,0.08360215067863463,0.09003308534622192,0.006263391099436614
196,young,14,0.09003308534622192,0.0964640200138092,0.004427900641706838
196,young,15,0.0964640200138092,0.10289495468139648,0.004431279907259646
196,young,16,0.10289495468139648,0.10932588934898375,0.0034235556967752725
196,young,17,0.10932588934898375,0.11575682401657103,0.0024570610651031776
196,young,18,0.11575682401657103,0.12218775868415832,0.0019129160148357192
196,young,19,0.12218775868415832,0.12861869335174558,0.0014530684419429864
196,young,20,0.12861869335174558,0.13504962801933287,0.0009363370013026762
196,young,21,0.13504962801933287,0.14148056268692016,0.0009149335322845481
196,young,22,0.14148056268692016,0.14791149735450743,0.0005358852742227882
196,young,23,0.14791149735450743,0.15434243202209472,0.0004031676831609905
196,young,24,0.15434243202209472,0.160773366689682,0.00034881175164415347
196,young,25,0.160773366689682,0.16720430135726927,0.0001602109533877182
196,young,26,0.16720430135726927,0.17363523602485656,0.00011933858513189726
196,young,27,0.17363523602485656,0.18006617069244385,7.262479972827683e-05
196,young,28,0.18006617069244385,0.1864971053600311,9.429275602698788e-05
196,young,29,0.1864971053600311,0.1929280400276184,0.00012116025334566428
196,young,30,0.1929280400276184,0.19935897469520567,9.1289115499572e-05
196,young,31,0.19935897469520567,0.20578990936279296,4.212950947305287e-05
196,young,32,0.20578990936279296,0.21222084403038025,8.970057011921448e-06
196,young,33,0.21222084403038025,0.2186517786979675,0.0
196,young,34,0.2186517786979675,0.2250827133655548,3.764448096709214e-05
196,young,35,0.2250827133655548,0.23151364803314206,0.0
196,young,36,0.23151364803314206,0.23794458270072935,3.764448096709214e-05
196,young,37,0.23794458270072935,0.24437551736831664,0.0
196,young,38,0.24437551736831664,0.2508064520359039,0.0
196,young,39,0.2508064520359039,0.25723738670349117,0.0
196,young,40,0.25723738670349117,0.2636683213710785,0.0
196,young,41,0.2636683213710785,0.27009925603866575,0.0
196,young,42,0.27009925603866575,0.276530190706253,0.0
196,young,43,0.276530190706253,0.2829611253738403,0.0
196,young,44,0.2829611253738403,0.2893920600414276,0.0
196,young,45,0.2893920600414276,0.29582299470901485,0.0
196,young,46,0.29582299470901485,0.30225392937660217,0.0
196,young,47,0.30225392937660217,0.30868486404418943,0.0
196,young,48,0.30868486404418943,0.3151157987117767,0.0
196,young,49,0.3151157987117767,0.321546733379364,0.0
196,aged,0,0.0,0.00643093466758728,0.6946997255006551
196,aged,1,0.00643093466758728,0.01286186933517456,0.021228298511715513
196,aged,2,0.01286186933517456,0.01929280400276184,0.01724653906820275
196,aged,3,0.01929280400276184,0.02572373867034912,0.015509024021398725
196,aged,4,0.02572373867034912,0.032154673337936396,0.014877604752270512
196,aged,5,0.032154673337936396,0.03858560800552368,0.016153441130855428
196,aged,6,0.03858560800552368,0.04501654267311096,0.015564794879469561
196,aged,7,0.04501654267311096,0.05144747734069824,0.015566578089009691
196,aged,8,0.05144747734069824,0.057878412008285515,0.01545509972455981
196,aged,9,0.057878412008285515,0.06430934667587279,0.01446963049360471
196,aged,10,0.06430934667587279,0.07074028134346008,0.013973684773831423
196,aged,11,0.07074028134346008,0.07717121601104736,0.012919579383294627
196,aged,12,0.07717121601104736,0.08360215067863463,0.013065708258840038
196,aged,13,0.08360215067863463,0.09003308534622192,0.01143956160285608
196,aged,14,0.09003308534622192,0.0964640200138092,0.011143193340143496
196,aged,15,0.0964640200138092,0.10289495468139648,0.009906992616620017
196,aged,16,0.10289495468139648,0.10932588934898375,0.00937251770085412
196,aged,17,0.10932588934898375,0.11575682401657103,0.00899867818638739
196,aged,18,0.11575682401657103,0.12218775868415832,0.007756581682813461
196,aged,19,0.12218775868415832,0.12861869335174558,0.007549358675297707
196,aged,20,0.12861869335174558,0.13504962801933287,0.007303392380420496
196,aged,21,0.13504962801933287,0.14148056268692016,0.005802009757272532
196,aged,22,0.14148056268692016,0.14791149735450743,0.005602646346262987
196,aged,23,0.14791149735450743,0.15434243202209472,0.004982015205680603
196,aged,24,0.15434243202209472,0.160773366689682,0.004415104850625135
196,aged,25,0.160773366689682,0.16720430135726927,0.004005846505712957
196,aged,26,0.16720430135726927,0.17363523602485656,0.003264871745262406
196,aged,27,0.17363523602485656,0.18006617069244385,0.002847190267652587
196,aged,28,0.18006617069244385,0.1864971053600311,0.0022014014831697086
196,aged,29,0.1864971053600311,0.1929280400276184,0.0024474585884915728
196,aged,30,0.1929280400276184,0.19935897469520567,0.0018553632990367722
196,aged,31,0.19935897469520567,0.20578990936279296,0.0017675238644048199
196,aged,32,0.20578990936279296,0.21222084403038025,0.0013965070644667039
196,aged,33,0.21222084403038025,0.2186517786979675,0.001212719692793214
196,aged,34,0.2186517786979675,0.2250827133655548,0.0008556971170857767
196,aged,35,0.2250827133655548,0.23151364803314206,0.0006939954091377861
196,aged,36,0.23151364803314206,0.23794458270072935,0.0005082479164215715
196,aged,37,0.23794458270072935,0.24437551736831664,0.0005422392085885266
196,aged,38,0.24437551736831664,0.2508064520359039,0.000359465325755424
196,aged,39,0.2508064520359039,0.25723738670349117,0.00034496565067075564
196,aged,40,0.25723738670349117,0.2636683213710785,0.00019827630620527275
196,aged,41,0.2636683213710785,0.27009925603866575,0.00013884185157180733
196,aged,42,0.27009925603866575,0.276530190706253,0.00012930722374608525
196,aged,43,0.276530190706253,0.2829611253738403,9.2538359532932e-05
196,aged,44,0.2829611253738403,0.2893920600414276,5.201691919081145e-05
196,aged,45,0.2893920600414276,0.29582299470901485,4.386608525393158e-05
196,aged,46,0.29582299470901485,0.30225392937660217,1.850818615363355e-05
196,aged,47,0.30225392937660217,0.30868486404418943,1.072830858322863e-05
196,aged,48,0.30868486404418943,0.3151157987117767,4.006264090740307e-06
196,aged,49,0.3151157987117767,0.321546733379364,6.656424123003425e-06
188,young,0,0.0,0.009459848403930665,0.7801505724528432
188,young,1,0.009459848403930665,0.01891969680786133,0.10344136576515035
188,young,2,0.01891969680786133,0.028379545211791993,0.05234087250701231
188,young,3,0.028379545211791993,0.03783939361572266,0.022610264148732597
188,young,4,0.03783939361572266,0.047299242019653326,0.011592804957700457
188,young,5,0.047299242019653326,0.056759090423583985,0.008298430857450297
188,young,6,0.056759090423583985,0.06621893882751466,0.003646209977604413
188,young,7,0.06621893882751466,0.07567878723144532,0.0030705106490106823
188,young,8,0.07567878723144532,0.08513863563537598,0.0022711104629000974
188,young,9,0.08513863563537598,0.09459848403930665,0.0016729122836717269
188,young,10,0.09459848403930665,0.10405833244323731,0.0012219884391126668
188,young,11,0.10405833244323731,0.11351818084716797,0.0009099298018532513
188,young,12,0.11351818084716797,0.12297802925109864,0.0007824118157348693
188,young,13,0.12297802925109864,0.13243787765502932,0.0008053987057618043
188,young,14,0.13243787765502932,0.14189772605895998,0.0007020029936012023
188,young,15,0.14189772605895998,0.15135757446289064,0.0006694078470781972
188,young,16,0.15135757446289064,0.1608174228668213,0.0005408688770929299
188,young,17,0.1608174228668213,0.17027727127075196,0.0009886849786597783
188,young,18,0.17027727127075196,0.17973711967468264,0.0003959725599988825
188,young,19,0.17973711967468264,0.1891969680786133,0.000546619853457848
188,young,20,0.1891969680786133,0.19865681648254396,0.0003144533880148194
188,young,21,0.19865681648254396,0.20811666488647462,0.0007458679017921579
188,young,22,0.20811666488647462,0.21757651329040528,0.00018716414802425328
188,young,23,0.21757651329040528,0.22703636169433594,0.00016273203641678993
188,young,24,0.22703636169433594,0.23649621009826663,0.00018084225271756033
188,young,25,0.23649621009826663,0.2459560585021973,0.0005793261754844733
188,young,26,0.2459560585021973,0.255415906906128,0.000189698781034836
188,young,27,0.255415906906128,0.26487575531005864,0.00018276178608219845
188,young,28,0.26487575531005864,0.2743356037139893,0.0001699939855230203
188,young,29,0.2743356037139893,0.28379545211791996,3.1096516985650966e-05
188,young,30,0.28379545211791996,0.2932553005218506,0.0004122924407068043
188,young,31,0.2932553005218506,0.3027151489257813,0.0
188,young,32,0.3027151489257813,0.31217499732971193,1.3828473693393318e-05
188,young,33,0.31217499732971193,0.3216348457336426,0.0
188,young,34,0.3216348457336426,0.33109469413757325,2.0085291298928655e-05
188,young,35,0.33109469413757325,0.3405545425415039,0.0
188,young,36,0.3405545425415039,0.3500143909454346,0.0001089069128208576
188,young,37,0.3500143909454346,0.3594742393493653,0.0
188,young,38,0.3594742393493653,0.36893408775329595,0.0
188,young,39,0.36893408775329595,0.3783939361572266,0.0
188,young,40,0.3783939361572266,0.38785378456115727,2.9740197969167965e-05
188,young,41,0.38785378456115727,0.3973136329650879,0.0
188,young,42,0.3973136329650879,0.4067734813690186,0.0
188,young,43,0.4067734813690186,0.41623332977294925,0.0
188,young,44,0.41623332977294925,0.4256931781768799,1.2869776987758907e-05
188,young,45,0.4256931781768799,0.43515302658081056,0.0
188,young,46,0.43515302658081056,0.4446128749847412,0.0
188,young,47,0.4446128749847412,0.4540727233886719,0.0
188,young,48,0.4540727233886719,0.4635325717926026,0.0
188,young,49,0.4635325717926026,0.4729924201965332,0.0
188,aged,0,0.0,0.009459848403930665,0.7247215893296406
188,aged,1,0.009459848403930665,0.01891969680786133,0.09778103515637014
188,aged,2,0.01891969680786133,0.028379545211791993,0.051625200939939095
188,aged,3,0.028379545211791993,0.03783939361572266,0.03106589421861625
188,aged,4,0.03783939361572266,0.047299242019653326,0.016594079062141352
188,aged,5,0.047299242019653326,0.056759090423583985,0.012187420171588735
188,aged,6,0.056759090423583985,0.06621893882751466,0.009316552481887477
188,aged,7,0.06621893882751466,0.07567878723144532,0.00673549407404415
188,aged,8,0.07567878723144532,0.08513863563537598,0.00543383065796826
188,aged,9,0.08513863563537598,0.09459848403930665,0.0049635920546641284
188,aged,10,0.09459848403930665,0.10405833244323731,0.004142610415100199
188,aged,11,0.10405833244323731,0.11351818084716797,0.003376962888325565
188,aged,12,0.11351818084716797,0.12297802925109864,0.0030699160139914523
188,aged,13,0.12297802925109864,0.13243787765502932,0.0025988868829020903
188,aged,14,0.13243787765502932,0.14189772605895998,0.002505329191748318
188,aged,15,0.14189772605895998,0.15135757446289064,0.00218198187236783
188,aged,16,0.15135757446289064,0.1608174228668213,0.0017431131956075097
188,aged,17,0.1608174228668213,0.17027727127075196,0.0016781528919516835
188,aged,18,0.17027727127075196,0.17973711967468264,0.00120153145764577
188,aged,19,0.17973711967468264,0.1891969680786133,0.001139245063835402
188,aged,20,0.1891969680786133,0.19865681648254396,0.0014409886262989338
188,aged,21,0.19865681648254396,0.20811666488647462,0.00102170810055343
188,aged,22,0.20811666488647462,0.21757651329040528,0.0009870834308436036
188,aged,23,0.21757651329040528,0.22703636169433594,0.0012072165764966075
188,aged,24,0.22703636169433594,0.23649621009826663,0.0009114462437197752
188,aged,25,0.23649621009826663,0.2459560585021973,0.0007525266382996482
188,aged,26,0.2459560585021973,0.255415906906128,0.0007813382459933762
188,aged,27,0.255415906906128,0.26487575531005864,0.0007225126512153423
188,aged,28,0.26487575531005864,0.2743356037139893,0.0005458781591968435
188,aged,29,0.2743356037139893,0.28379545211791996,0.000885629417824253
188,aged,30,0.28379545211791996,0.2932553005218506,0.0005517707967435184
188,aged,31,0.2932553005218506,0.3027151489257813,0.0005497367964878442
188,aged,32,0.3027151489257813,0.31217499732971193,0.0005061612002146636
188,aged,33,0.31217499732971193,0.3216348457336426,0.0006553569546521877
188,aged,34,0.3216348457336426,0.33109469413757325,0.00045146739363199955
188,aged,35,0.33109469413757325,0.3405545425415039,0.0004595450234443518
188,aged,36,0.3405545425415039,0.3500143909454346,0.0004768699976653454
188,aged,37,0.3500143909454346,0.3594742393493653,0.0005374430407386422
188,aged,38,0.3594742393493653,0.36893408775329595,0.00033237080763347894
188,aged,39,0.36893408775329595,0.3783939361572266,0.0002709236776242213
188,aged,40,0.3783939361572266,0.38785378456115727,0.0003511424797980152
188,aged,41,0.38785378456115727,0.3973136329650879,0.0002531582553436865
188,aged,42,0.3973136329650879,0.4067734813690186,0.00028090459911058266
188,aged,43,0.4067734813690186,0.41623332977294925,0.00015244762099190417
188,aged,44,0.41623332977294925,0.4256931781768799,0.00024881930588848306
188,aged,45,0.4256931781768799,0.43515302658081056,9.658238400634313e-05
188,aged,46,0.43515302658081056,0.4446128749847412,0.0001481857006493197
188,aged,47,0.4446128749847412,0.4540727233886719,0.00015430891009562446
188,aged,48,0.4540727233886719,0.4635325717926026,9.903945216992902e-05
188,aged,49,0.4635325717926026,0.4729924201965332,0.00010501949236978973
60,young,0,0.0,0.008817058801651002,0.6965327459726983
60,young,1,0.008817058801651002,0.017634117603302003,0.03636358952174237
60,young,2,0.017634117603302003,0.026451176404953005,0.02814709181377735
60,young,3,0.026451176404953005,0.03526823520660401,0.0313127023640158
60,young,4,0.03526823520660401,0.044085294008255005,0.025400393136820326
60,young,5,0.044085294008255005,0.05290235280990601,0.024642106827166
60,young,6,0.05290235280990601,0.061719411611557015,0.022955363004685807
60,young,7,0.061719411611557015,0.07053647041320801,0.022648613613035967
60,young,8,0.07053647041320801,0.07935352921485901,0.017855521136103992
60,young,9,0.07935352921485901,0.08817058801651001,0.016659854678569935
60,young,10,0.08817058801651001,0.09698764681816102,0.012635729351488833
60,young,11,0.09698764681816102,0.10580470561981202,0.010941013921896031
60,young,12,0.10580470561981202,0.11462176442146302,0.010743042855151751
60,young,13,0.11462176442146302,0.12343882322311403,0.008583816237794563
60,young,14,0.12343882322311403,0.13225588202476501,0.008134606598562195
60,young,15,0.13225588202476501,0.14107294082641603,0.005131034665708646
60,young,16,0.14107294082641603,0.14988999962806704,0.004609853008194856
60,young,17,0.14988999962806704,0.15870705842971802,0.0035120643332593503
60,young,18,0.15870705842971802,0.16752411723136904,0.003303819610096379
60,young,19,0.16752411723136904,0.17634117603302002,0.00290165452262908
60,young,20,0.17634117603302002,0.18515823483467103,0.0017214695737806545
60,young,21,0.18515823483467103,0.19397529363632204,0.0014820110916145372
60,young,22,0.19397529363632204,0.20279235243797303,0.0010148348140061945
60,young,23,0.20279235243797303,0.21160941123962404,0.0009864672717259278
60,young,24,0.21160941123962404,0.22042647004127505,0.000467674750750449
60,young,25,0.22042647004127505,0.22924352884292604,0.000402685542670014
60,young,26,0.22924352884292604,0.23806058764457705,0.0003370140311356834
60,young,27,0.23806058764457705,0.24687764644622806,0.0002900797633663966
60,young,28,0.24687764644622806,0.2556947052478791,0.00012244044840893425
60,young,29,0.2556947052478791,0.26451176404953003,1.697581693954458e-05
60,young,30,0.26451176404953003,0.27332882285118104,6.40405672290798e-05
60,young,31,0.27332882285118104,0.28214588165283205,1.7006178693674535e-05
60,young,32,0.28214588165283205,0.29096294045448307,4.5067902634646105e-05
60,young,33,0.29096294045448307,0.2997799992561341,1.7615073644380985e-05
60,young,34,0.2997799992561341,0.30859705805778503,0.0
60,young,35,0.30859705805778503,0.31741411685943605,0.0
60,young,36,0.31741411685943605,0.32623117566108706,0.0
60,young,37,0.32623117566108706,0.33504823446273807,0.0
60,young,38,0.33504823446273807,0.3438652932643891,0.0
60,young,39,0.3438652932643891,0.35268235206604004,0.0
60,young,40,0.35268235206604004,0.36149941086769105,0.0
60,young,41,0.36149941086769105,0.37031646966934206,0.0
60,young,42,0.37031646966934206,0.3791335284709931,0.0
60,young,43,0.3791335284709931,0.3879505872726441,0.0
60,young,44,0.3879505872726441,0.3967676460742951,0.0
60,young,45,0.3967676460742951,0.40558470487594606,0.0
60,young,46,0.40558470487594606,0.41440176367759707,0.0
60,young,47,0.41440176367759707,0.4232188224792481,0.0
60,young,48,0.4232188224792481,0.4320358812808991,0.0
60,young,49,0.4320358812808991,0.44085294008255005,0.0
60,aged,0,0.0,0.008817058801651002,0.5208464008226104
60,aged,1,0.008817058801651002,0.017634117603302003,0.04720176633863048
60,aged,2,0.017634117603302003,0.026451176404953005,0.035134875295487394
60,aged,3,0.026451176404953005,0.03526823520660401,0.02528862069644855
60,aged,4,0.03526823520660401,0.044085294008255005,0.023673357668557198
60,aged,5,0.044085294008255005,0.05290235280990601,0.02073370161302824
60,aged,6,0.05290235280990601,0.061719411611557015,0.0216543086232546
60,aged,7,0.061719411611557015,0.07053647041320801,0.017115847591191516
60,aged,8,0.07053647041320801,0.07935352921485901,0.021047144470472835
60,aged,9,0.07935352921485901,0.08817058801651001,0.020040204158303924
60,aged,10,0.08817058801651001,0.09698764681816102,0.018186592855811517
60,aged,11,0.09698764681816102,0.10580470561981202,0.020642205542434695
60,aged,12,0.10580470561981202,0.11462176442146302,0.018109963972034293
60,aged,13,0.11462176442146302,0.12343882322311403,0.020122743585335723
60,aged,14,0.12343882322311403,0.13225588202476501,0.017740758898132265
60,aged,15,0.13225588202476501,0.14107294082641603,0.01688365492453738
60,aged,16,0.14107294082641603,0.14988999962806704,0.015977864463233626
60,aged,17,0.14988999962806704,0.15870705842971802,0.015371207750475563
60,aged,18,0.15870705842971802,0.16752411723136904,0.014247717484659299
60,aged,19,0.16752411723136904,0.17634117603302002,0.012112004567758633
60,aged,20,0.17634117603302002,0.18515823483467103,0.011566823804181081
60,aged,21,0.18515823483467103,0.19397529363632204,0.009255014467109392
60,aged,22,0.19397529363632204,0.20279235243797303,0.009783349507399751
60,aged,23,0.20279235243797303,0.21160941123962404,0.006724793969863574
60,aged,24,0.21160941123962404,0.22042647004127505,0.007537965572453878
60,aged,25,0.22042647004127505,0.22924352884292604,0.005586893680475396
60,aged,26,0.22924352884292604,0.23806058764457705,0.005366759229296147
60,aged,27,0.23806058764457705,0.24687764644622806,0.0042611675468973865
60,aged,28,0.24687764644622806,0.2556947052478791,0.003775227885433684
60,aged,29,0.2556947052478791,0.26451176404953003,0.003251891730505453
60,aged,30,0.26451176404953003,0.27332882285118104,0.002065515871744525
60,aged,31,0.27332882285118104,0.28214588165283205,0.0019469048605184629
60,aged,32,0.28214588165283205,0.29096294045448307,0.0015419087403483955
60,aged,33,0.29096294045448307,0.2997799992561341,0.0012175340964928482
60,aged,34,0.2997799992561341,0.30859705805778503,0.0009511437602895894
60,aged,35,0.30859705805778503,0.31741411685943605,0.0011824431594925646
60,aged,36,0.31741411685943605,0.32623117566108706,0.0004418797902073944
60,aged,37,0.32623117566108706,0.33504823446273807,0.0004914675045068974
60,aged,38,0.33504823446273807,0.3438652932643891,0.00021382800537898092
60,aged,39,0.3438652932643891,0.35268235206604004,0.0001851515378472868
60,aged,40,0.35268235206604004,0.36149941086769105,0.00016065451740423158
60,aged,41,0.36149941086769105,0.37031646966934206,0.00012627926539473774
60,aged,42,0.37031646966934206,0.3791335284709931,7.718579090744732e-05
60,aged,43,0.3791335284709931,0.3879505872726441,9.732859853342795e-06
60,aged,44,0.3879505872726441,0.3967676460742951,6.252367028808759e-05
60,aged,45,0.3967676460742951,0.40558470487594606,4.2620750165933124e-05
60,aged,46,0.40558470487594606,0.41440176367759707,1.1548315577282383e-05
60,aged,47,0.41440176367759707,0.4232188224792481,0.0
60,aged,48,0.4232188224792481,0.4320358812808991,0.0
60,aged,49,0.4320358812808991,0.44085294008255005,3.084878763204844e-05
124,young,0,0.0,0.012791839838027954,0.7536729780916521
124,young,1,0.012791839838027954,0.025583679676055907,0.04990829982207771
124,young,2,0.025583679676055907,0.03837551951408386,0.025979616669891313
124,young,3,0.03837551951408386,0.051167359352111814,0.017609445800584763
124,young,4,0.051167359352111814,0.06395919919013977,0.01174045426346321
124,young,5,0.06395919919013977,0.07675103902816773,0.009849800935873234
124,young,6,0.07675103902816773,0.08954287886619568,0.008461881864428417
124,young,7,0.08954287886619568,0.10233471870422363,0.01006620633638399
124,young,8,0.10233471870422363,0.11512655854225158,0.008440728962771994
124,young,9,0.11512655854225158,0.12791839838027955,0.008469172533581914
124,young,10,0.12791839838027955,0.1407102382183075,0.00648431219906526
124,young,11,0.1407102382183075,0.15350207805633545,0.006320040671728587
124,young,12,0.15350207805633545,0.1662939178943634,0.00986971820563233
124,young,13,0.1662939178943634,0.17908575773239135,0.007489021257510008
124,young,14,0.17908575773239135,0.1918775975704193,0.006800607973770918
124,young,15,0.1918775975704193,0.20466943740844726,0.005894235742993592
124,young,16,0.20466943740844726,0.2174612772464752,0.004987575733993999
124,young,17,0.2174612772464752,0.23025311708450316,0.003577013006704507
124,young,18,0.23025311708450316,0.2430449569225311,0.005001687536781773
124,young,19,0.2430449569225311,0.2558367967605591,0.0032412990316414776
124,young,20,0.2558367967605591,0.26862863659858705,0.0036151776828321123
124,young,21,0.26862863659858705,0.281420476436615,0.003443199198283501
124,young,22,0.281420476436615,0.29421231627464295,0.003583872810176984
124,young,23,0.29421231627464295,0.3070041561126709,0.002129811529618206
124,young,24,0.3070041561126709,0.31979599595069885,0.0021224559255798646
124,young,25,0.31979599595069885,0.3325878357887268,0.0025176674103815724
124,young,26,0.3325878357887268,0.34537967562675476,0.002811618142510716
124,young,27,0.34537967562675476,0.3581715154647827,0.001954044566880943
124,young,28,0.3581715154647827,0.37096335530281066,0.0030372255601926043
124,young,29,0.37096335530281066,0.3837551951408386,0.001332746376049126
124,young,30,0.3837551951408386,0.39654703497886656,0.0010984676388158256
124,young,31,0.39654703497886656,0.4093388748168945,0.0015866693334991157
124,young,32,0.4093388748168945,0.42213071465492247,0.0010844783567794108
124,young,33,0.42213071465492247,0.4349225544929504,0.0006671838750751483
124,young,34,0.4349225544929504,0.44771439433097837,0.0006430018676512529
124,young,35,0.44771439433097837,0.4605062341690063,0.0004939913639464463
124,young,36,0.4605062341690063,0.4732980740070343,0.0003088004241106788
124,young,37,0.4732980740070343,0.4860899138450622,0.0014440943261594765
124,young,38,0.4860899138450622,0.4988817536830902,0.00032643561961178986
124,young,39,0.4988817536830902,0.5116735935211182,0.0009316594978877941
124,young,40,0.5116735935211182,0.5244654333591461,0.0002723940124416886
124,young,41,0.5244654333591461,0.5372572731971741,0.0002135297180435313
124,young,42,0.5372572731971741,0.550049113035202,0.0001116567173240053
124,young,43,0.550049113035202,0.56284095287323,0.00011712786460642608
124,young,44,0.56284095287323,0.5756327927112579,0.00010856011047718596
124,young,45,0.5756327927112579,0.5884246325492859,9.597812849288455e-05
124,young,46,0.5884246325492859,0.6012164723873138,7.337086363384641e-05
124,young,47,0.6012164723873138,0.6140083122253418,0.0
124,young,48,0.6140083122253418,0.6268001520633697,1.0684438393392017e-05
124,young,49,0.6268001520633697,0.6395919919013977,0.0
124,aged,0,0.0,0.012791839838027954,0.6762678674629946
124,aged,1,0.012791839838027954,0.025583679676055907,0.042659152847396554
124,aged,2,0.025583679676055907,0.03837551951408386,0.02376486338999747
124,aged,3,0.03837551951408386,0.051167359352111814,0.01621893857028535
124,aged,4,0.051167359352111814,0.06395919919013977,0.009667971617344482
124,aged,5,0.06395919919013977,0.07675103902816773,0.008624368838964773
124,aged,6,0.07675103902816773,0.08954287886619568,0.006241901353667326
124,aged,7,0.08954287886619568,0.10233471870422363,0.006918241152833561
124,aged,8,0.10233471870422363,0.11512655854225158,0.007183555394760748
124,aged,9,0.11512655854225158,0.12791839838027955,0.006771556373681829
124,aged,10,0.12791839838027955,0.1407102382183075,0.0067353727226760595
124,aged,11,0.1407102382183075,0.15350207805633545,0.00902966209940426
124,aged,12,0.15350207805633545,0.1662939178943634,0.008882378452435924
124,aged,13,0.1662939178943634,0.17908575773239135,0.0075217423996255
124,aged,14,0.17908575773239135,0.1918775975704193,0.009124916474078645
124,aged,15,0.1918775975704193,0.20466943740844726,0.008150376937801924
124,aged,16,0.20466943740844726,0.2174612772464752,0.007611674661849874
124,aged,17,0.2174612772464752,0.23025311708450316,0.007571964409778284
124,aged,18,0.23025311708450316,0.2430449569225311,0.006733360793630491
124,aged,19,0.2430449569225311,0.2558367967605591,0.007083844587044928
124,aged,20,0.2558367967605591,0.26862863659858705,0.006872595172004662
124,aged,21,0.26862863659858705,0.281420476436615,0.00661956035291462
124,aged,22,0.281420476436615,0.29421231627464295,0.007711417841176836
124,aged,23,0.29421231627464295,0.3070041561126709,0.006307539699231214
124,aged,24,0.3070041561126709,0.31979599595069885,0.006425665510832453
124,aged,25,0.31979599595069885,0.3325878357887268,0.00557384272251033
124,aged,26,0.3325878357887268,0.34537967562675476,0.005343015337803646
124,aged,27,0.34537967562675476,0.3581715154647827,0.005190561800873157
124,aged,28,0.3581715154647827,0.37096335530281066,0.005120667318816171
124,aged,29,0.37096335530281066,0.3837551951408386,0.0043775788911878276
124,aged,30,0.3837551951408386,0.39654703497886656,0.005440840233026772
124,aged,31,0.39654703497886656,0.4093388748168945,0.007297778762475902
124,aged,32,0.4093388748168945,0.42213071465492247,0.003496320203350634
124,aged,33,0.42213071465492247,0.4349225544929504,0.004615093425251871
124,aged,34,0.4349225544929504,0.44771439433097837,0.0057555602987825125
124,aged,35,0.44771439433097837,0.4605062341690063,0.004723934782909741
124,aged,36,0.4605062341690063,0.4732980740070343,0.0046409020330491135
124,aged,37,0.4732980740070343,0.4860899138450622,0.004038323853807723
124,aged,38,0.4860899138450622,0.4988817536830902,0.003418835858596302
124,aged,39,0.4988817536830902,0.5116735935211182,0.002904010959043965
124,aged,40,0.5116735935211182,0.5244654333591461,0.0029628426434903984
124,aged,41,0.5244654333591461,0.5372572731971741,0.0028032919685911607
124,aged,42,0.5372572731971741,0.550049113035202,0.0021388750071269593
124,aged,43,0.550049113035202,0.56284095287323,0.0013312388315431748
124,aged,44,0.56284095287323,0.5756327927112579,0.0011009840531826282
124,aged,45,0.5756327927112579,0.5884246325492859,0.0005666986898179365
124,aged,46,0.5884246325492859,0.6012164723873138,0.00011366953477751681
124,aged,47,0.6012164723873138,0.6140083122253418,0.0002101186835113684
124,aged,48,0.6140083122253418,0.6268001520633697,0.00012424948598368049
124,aged,49,0.6268001520633697,0.6395919919013977,1.0275504070089831e-05
