program_id,age,class_name,zero_fraction
179,young,01 IT-ET Glut,0.9760240906535712
179,young,02 NP-CT-L6b Glut,0.9874289715664908
179,young,03 OB-CR Glut,0.8782731776362349
179,young,04 DG-IMN Glut,0.9499881771553619
179,young,05 OB-IMN GABA,0.9879393267551162
179,young,06 CTX-CGE GABA,0.9511232438446489
179,young,07 CTX-MGE GABA,0.9415959220414916
179,young,09 CNU-LGE GABA,0.9736718588155034
179,young,11 CNU-HYa GABA,0.9502125419632462
179,young,12 HY GABA,0.9361811015193544
179,young,13 CNU-HYa Glut,0.9902400408580184
179,young,14 HY Glut,0.9356815913755224
179,young,16 HY MM Glut,0.9702977395411606
179,young,19 MB Glut,0.9498411030223401
179,young,20 MB GABA,0.9655133382921866
179,young,21 MB Dopa,0.9520984165487248
179,young,22 MB-HB Sero,0.9651743259293437
179,young,23 P Glut,0.9385600545400457
179,young,24 MY Glut,0.9109479554781097
179,young,26 P GABA,0.9202382171038516
179,young,30 Astro-Epen,0.9538956337529685
179,young,31 OPC-Oligo,0.6939276828132348
179,young,33 Vascular,0.9537958907747455
179,young,34 Immune,0.9473203699283091
179,young,mixture,0.7515122897361953
179,aged,01 IT-ET Glut,0.973952592934686
179,aged,02 NP-CT-L6b Glut,0.9752386317540847
179,aged,03 OB-CR Glut,0.8168287651046274
179,aged,04 DG-IMN Glut,0.9694246070170806
179,aged,05 OB-IMN GABA,0.9754283801874163
179,aged,06 CTX-CGE GABA,0.9386030397785061
179,aged,07 CTX-MGE GABA,0.9419647549821717
179,aged,09 CNU-LGE GABA,0.950814677007004
179,aged,11 CNU-HYa GABA,0.9358494004589725
179,aged,12 HY GABA,0.9314629859823189
179,aged,13 CNU-HYa Glut,0.9879583333333334
179,aged,14 HY Glut,0.9256385267258909
179,aged,16 HY MM Glut,0.9588169488067696
179,aged,19 MB Glut,0.9499536441248912
179,aged,20 MB GABA,0.9491277233291481
179,aged,21 MB Dopa,0.943127679173096
179,aged,22 MB-HB Sero,0.9437444681240083
179,aged,23 P Glut,0.934977372189725
179,aged,24 MY Glut,0.8209636828598278
179,aged,26 P GABA,0.9324105598283627
179,aged,30 Astro-Epen,0.9359062710131638
179,aged,31 OPC-Oligo,0.6039655992294817
179,aged,33 Vascular,0.9401259696578385
179,aged,34 Immune,0.9372786992785993
179,aged,mixture,0.6774252016598316
163,young,01 IT-ET Glut,0.9936662379914311
163,young,02 NP-CT-L6b Glut,0.9951045173200884
163,young,03 OB-CR Glut,0.9645843740893385
163,young,04 DG-IMN Glut,0.9904649837122246
163,young,05 OB-IMN GABA,0.9629754408757374
163,young,06 CTX-CGE GABA,0.9884826087371615
163,young,07 CTX-MGE GABA,0.9712980474672943
163,young,09 CNU-LGE GABA,0.9915343876573239
163,young,11 CNU-HYa GABA,0.9963350344094316
163,young,12 HY GABA,0.9713594382461271
163,young,13 CNU-HYa Glut,0.9777400408580184
163,young,14 HY Glut,0.9527127068739971
163,young,16 HY MM Glut,0.9892010325455858
163,young,19 MB Glut,0.9662577724039298
163,young,20 MB GABA,0.9663828334882083
163,young,21 MB Dopa,0.9647576852393192
163,young,22 MB-HB Sero,0.9943207589372545
163,young,23 P Glut,0.9715948681217891
163,young,24 MY Glut,0.9829087981261895
163,young,26 P GABA,0.9780071959855855
163,young,30 Astro-Epen,0.9653561053137841
163,young,31 OPC-Oligo,0.7001499331575058
163,young,33 Vascular,0.9763613409931893
163,young,34 Immune,0.9732235285988174
163,young,mixture,0.728753821553486
163,aged,01 IT-ET Glut,0.9881300527014267
163,aged,02 NP-CT-L6b Glut,0.988161412416443
163,aged,03 OB-CR Glut,0.9699724923862855
163,aged,04 DG-IMN Glut,0.99033451685237
163,aged,05 OB-IMN GABA,0.9587505577867024
163,aged,06 CTX-CGE GABA,0.9822289890795732
163,aged,07 CTX-MGE GABA,0.9693137708745401
163,aged,09 CNU-LGE GABA,0.9788770683620823
163,aged,11 CNU-HYa GABA,0.9846885714888755
163,aged,12 HY GABA,0.9452516348587244
163,aged,13 CNU-HYa Glut,0.9255617333181421
163,aged,14 HY Glut,0.9545468759017731
163,aged,16 HY MM Glut,0.9770147910016018
163,aged,19 MB Glut,0.9663815198370838
163,aged,20 MB GABA,0.9538360303770994
163,aged,21 MB Dopa,0.9533238873141783
163,aged,22 MB-HB Sero,0.9883983827014782
163,aged,23 P Glut,0.9594996007453143
163,aged,24 MY Glut,0.9767121647509579
163,aged,26 P GABA,0.9738000266361453
163,aged,30 Astro-Epen,0.9589489421307301
163,aged,31 OPC-Oligo,0.6471371730625433
163,aged,33 Vascular,0.9582114033805362
163,aged,34 Immune,0.9670465926824489
163,aged,mixture,0.6802603141337866
122,young,01 IT-ET Glut,0.9885747854398237
122,young,02 NP-CT-L6b Glut,0.9837213712362417
122,young,03 OB-CR Glut,0.9369835248324383
122,young,04 DG-IMN Glut,0.9726402448396309
122,young,05 OB-IMN GABA,0.8999484937679898
122,young,06 CTX-CGE GABA,0.974959246122095
122,young,07 CTX-MGE GABA,0.9848937495780816
122,young,09 CNU-LGE GABA,0.9826513026507383
122,young,11 CNU-HYa GABA,0.9740079686441386
122,young,12 HY GABA,0.9552862826963046
122,young,13 CNU-HYa Glut,0.9652281239359891
122,young,14 HY Glut,0.9414570529325771
122,young,16 HY MM Glut,0.9832611166033749
122,young,19 MB Glut,0.948415278013495
122,young,20 MB GABA,0.9676035477013943
122,young,21 MB Dopa,0.9604378094723212
122,young,22 MB-HB Sero,0.9795451463215108
122,young,23 P Glut,0.9614359461607985
122,young,24 MY Glut,0.9559013463291163
122,young,26 P GABA,0.9680295927325602
122,young,30 Astro-Epen,0.927594115874114
122,young,31 OPC-Oligo,0.9358542632048938
122,young,33 Vascular,0.8864966919157894
122,young,34 Immune,0.5040937533611116
122,young,mixture,0.5876478375617431
122,aged,01 IT-ET Glut,0.9745790445851736
122,aged,02 NP-CT-L6b Glut,0.9665359650145441
122,aged,03 OB-CR Glut,0.8986983004224384
122,aged,04 DG-IMN Glut,0.9522870046777056
122,aged,05 OB-IMN GABA,0.8701405622489959
122,aged,06 CTX-CGE GABA,0.9574570961420332
122,aged,07 CTX-MGE GABA,0.9732477966441648
122,aged,09 CNU-LGE GABA,0.9536337497416522
122,aged,11 CNU-HYa GABA,0.9478890965312795
122,aged,12 HY GABA,0.9239940182830966
122,aged,13 CNU-HYa Glut,0.8946365500740572
122,aged,14 HY Glut,0.9522625831247633
122,aged,16 HY MM Glut,0.9564191232717362
122,aged,19 MB Glut,0.9589737686507179
122,aged,20 MB GABA,0.9668038412915789
122,aged,21 MB Dopa,0.95469492927615
122,aged,22 MB-HB Sero,0.9831110130002414
122,aged,23 P Glut,0.9598162372014098
122,aged,24 MY Glut,0.9230689293717921
122,aged,26 P GABA,0.9668070782865866
122,aged,30 Astro-Epen,0.9251044897826427
122,aged,31 OPC-Oligo,0.9237337156599871
122,aged,33 Vascular,0.8443135215820756
122,aged,34 Immune,0.32697765212014784
122,aged,mixture,0.4399996377641946
196,young,01 IT-ET Glut,0.9894788236568071
196,young,02 NP-CT-L6b Glut,0.9835031670525387
196,young,03 OB-CR Glut,0.9205903168061279
196,young,04 DG-IMN Glut,0.9830421385401277
196,young,05 OB-IMN GABA,0.9769470912910497
196,young,06 CTX-CGE GABA,0.9781520288249445
196,young,07 CTX-MGE GABA,0.9722391254124261
196,young,09 CNU-LGE GABA,0.9844572864585204
196,young,11 CNU-HYa GABA,0.959445076002832
196,young,12 HY GABA,0.9770387885488542
196,young,13 CNU-HYa Glut,0.9747730110089661
196,young,14 HY Glut,0.9226718887738995
196,young,16 HY MM Glut,0.9747247983554593
196,young,19 MB Glut,0.9689201678110835
196,young,20 MB GABA,0.9837392651874918
196,young,21 MB Dopa,0.9756569057679279
196,young,22 MB-HB Sero,0.9822014780117578
196,young,23 P Glut,0.979525933618595
196,young,24 MY Glut,0.9893866198214024
196,young,26 P GABA,0.9756298819039201
196,young,30 Astro-Epen,0.9642844796594756
196,young,31 OPC-Oligo,0.6492217962843889
196,young,33 Vascular,0.9489129063976917
196,young,34 Immune,0.9585163148477012
196,young,mixture,0.6979108555965542
196,aged,01 IT-ET Glut,0.9746131208623643
196,aged,02 NP-CT-L6b Glut,0.9628255398073521
196,aged,03 OB-CR Glut,0.9481014834463111
196,aged,04 DG-IMN Glut,0.9671619607117234
196,aged,05 OB-IMN GABA,0.9772690763052209
196,aged,06 CTX-CGE GABA,0.9752742251369203
196,aged,07 CTX-MGE GABA,0.9669928576615374
196,aged,09 CNU-LGE GABA,0.9589271209702983
196,aged,11 CNU-HYa GABA,0.9231790555362108
196,aged,12 HY GABA,0.9577882151330397
196,aged,13 CNU-HYa Glut,0.9842724117959819
196,aged,14 HY Glut,0.9254489819513627
196,aged,16 HY MM Glut,0.9570172569169066
196,aged,19 MB Glut,0.9512437852653665
196,aged,20 MB GABA,0.9678197770758923
196,aged,21 MB Dopa,0.9557262475475539
196,aged,22 MB-HB Sero,0.9551880953943053
196,aged,23 P Glut,0.9768053949206013
196,aged,24 MY Glut,0.9655104641075689
196,aged,26 P GABA,0.9712531643123924
196,aged,30 Astro-Epen,0.9520476508515904
196,aged,31 OPC-Oligo,0.6070202786290373
196,aged,33 Vascular,0.9303346185417759
196,aged,34 Immune,0.9316062946346455
196,aged,mixture,0.6609413656792128
188,young,01 IT-ET Glut,0.9862231315505327
188,young,02 NP-CT-L6b Glut,0.9768337234317161
188,young,03 OB-CR Glut,0.8513065390699806
188,young,04 DG-IMN Glut,0.9779046287930306
188,young,05 OB-IMN GABA,0.6158138974113769
188,young,06 CTX-CGE GABA,0.9561022732540703
188,young,07 CTX-MGE GABA,0.928963493423908
188,young,09 CNU-LGE GABA,0.9809998656146574
188,young,11 CNU-HYa GABA,0.9721300240974553
188,young,12 HY GABA,0.9310850949416913
188,young,13 CNU-HYa Glut,0.918083645443196
188,young,14 HY Glut,0.9315972771068127
188,young,16 HY MM Glut,0.982289018610928
188,young,19 MB Glut,0.9719608437855998
188,young,20 MB GABA,0.9794079755557212
188,young,21 MB Dopa,0.9524879061866959
188,young,22 MB-HB Sero,0.9650163180551723
188,young,23 P Glut,0.9760370047593165
188,young,24 MY Glut,0.9915824915824916
188,young,26 P GABA,0.9679383668973846
188,young,30 Astro-Epen,0.9241606093455187
188,young,31 OPC-Oligo,0.9257683935085157
188,young,33 Vascular,0.8519865031978837
188,young,34 Immune,0.5487553304736079
188,young,mixture,0.6250870487779933
188,aged,01 IT-ET Glut,0.9838949252230039
188,aged,02 NP-CT-L6b Glut,0.9835607115979221
188,aged,03 OB-CR Glut,0.8675385597799392
188,aged,04 DG-IMN Glut,0.9704158880474643
188,aged,05 OB-IMN GABA,0.5088130298973674
188,aged,06 CTX-CGE GABA,0.9626177883106983
188,aged,07 CTX-MGE GABA,0.9590396138599612
188,aged,09 CNU-LGE GABA,0.9707993467047422
188,aged,11 CNU-HYa GABA,0.9579198238512924
188,aged,12 HY GABA,0.9087588234522994
188,aged,13 CNU-HYa Glut,0.8806632201587483
188,aged,14 HY Glut,0.9284504707951318
188,aged,16 HY MM Glut,0.9775086714103077
188,aged,19 MB Glut,0.9628502654167892
188,aged,20 MB GABA,0.980746272538308
188,aged,21 MB Dopa,0.9197791149511033
188,aged,22 MB-HB Sero,0.9467486191876378
188,aged,23 P Glut,0.9630316078010828
188,aged,24 MY Glut,0.9794626075327116
188,aged,26 P GABA,0.9617233931261198
188,aged,30 Astro-Epen,0.9206651152729207
188,aged,31 OPC-Oligo,0.925606399317233
188,aged,33 Vascular,0.8301804580149481
188,aged,34 Immune,0.5184206394529588
188,aged,mixture,0.5844225489684358
60,young,01 IT-ET Glut,0.9936800694748364
60,young,02 NP-CT-L6b Glut,0.9903684401072169
60,young,03 OB-CR Glut,0.9666912545272887
60,young,04 DG-IMN Glut,0.9774874475306816
60,young,05 OB-IMN GABA,0.9316585317326607
60,young,06 CTX-CGE GABA,0.984753005904727
60,young,07 CTX-MGE GABA,0.9888175194500386
60,young,09 CNU-LGE GABA,0.9803194084824891
60,young,11 CNU-HYa GABA,0.9858945989517478
60,young,12 HY GABA,0.9695974333906692
60,young,13 CNU-HYa Glut,0.9729426285325162
60,young,14 HY Glut,0.9543146292318732
60,young,16 HY MM Glut,0.992998638703198
60,young,19 MB Glut,0.9644668790291676
60,young,20 MB GABA,0.9672036687254588
60,young,21 MB Dopa,0.9353508359800989
60,young,22 MB-HB Sero,0.977316053024596
60,young,23 P Glut,0.966265579176276
60,young,24 MY Glut,0.9983164983164983
60,young,26 P GABA,0.9717504088565176
60,young,30 Astro-Epen,0.9538073450125628
60,young,31 OPC-Oligo,0.9478039709370126
60,young,33 Vascular,0.6208315122194549
60,young,34 Immune,0.912718137329316
60,young,mixture,0.6510625222037109
60,aged,01 IT-ET Glut,0.9717845315954624
60,aged,02 NP-CT-L6b Glut,0.9740965025400276
60,aged,03 OB-CR Glut,0.8811376363100502
60,aged,04 DG-IMN Glut,0.9726504917581372
60,aged,05 OB-IMN GABA,0.9740629183400268
60,aged,06 CTX-CGE GABA,0.9609703379361628
60,aged,07 CTX-MGE GABA,0.9639850713772893
60,aged,09 CNU-LGE GABA,0.9312168350580868
60,aged,11 CNU-HYa GABA,0.9590093870476092
60,aged,12 HY GABA,0.9383560715546858
60,aged,13 CNU-HYa Glut,0.9005735729748205
60,aged,14 HY Glut,0.9407678729376333
60,aged,16 HY MM Glut,0.9674781010580633
60,aged,19 MB Glut,0.9537177361042677
60,aged,20 MB GABA,0.9541605408547361
60,aged,21 MB Dopa,0.9292239830495069
60,aged,22 MB-HB Sero,0.941653052455552
60,aged,23 P Glut,0.9467425006883696
60,aged,24 MY Glut,0.9898792741993783
60,aged,26 P GABA,0.9434631918585543
60,aged,30 Astro-Epen,0.9318985831305374
60,aged,31 OPC-Oligo,0.937504984450412
60,aged,33 Vascular,0.40952711282330123
60,aged,34 Immune,0.8848111098503411
60,aged,mixture,0.45634070935826926
124,young,01 IT-ET Glut,0.9915391945201467
124,young,02 NP-CT-L6b Glut,0.9958950664258995
124,young,03 OB-CR Glut,0.9147367147495941
124,young,04 DG-IMN Glut,0.9725126617228833
124,young,05 OB-IMN GABA,0.9364653086391411
124,young,06 CTX-CGE GABA,0.9772078901950204
124,young,07 CTX-MGE GABA,0.9803196469885204
124,young,09 CNU-LGE GABA,0.9828348447913923
124,young,11 CNU-HYa GABA,0.9901660134153909
124,young,12 HY GABA,0.9805485977752885
124,young,13 CNU-HYa Glut,0.9810872772670526
124,young,14 HY Glut,0.9893815645803945
124,young,16 HY MM Glut,0.9880946683195765
124,young,19 MB Glut,0.9834862018082262
124,young,20 MB GABA,0.980779748331957
124,young,21 MB Dopa,0.9729818156739563
124,young,22 MB-HB Sero,0.990136702861751
124,young,23 P Glut,0.9828739642531625
124,young,24 MY Glut,0.9858915239350022
124,young,26 P GABA,0.9613129051536278
124,young,30 Astro-Epen,0.9438734493529678
124,young,31 OPC-Oligo,0.9644019879476167
124,young,33 Vascular,0.6408500482094992
124,young,34 Immune,0.9383196833629074
124,young,mixture,0.6534068655378088
124,aged,01 IT-ET Glut,0.987610765543674
124,aged,02 NP-CT-L6b Glut,0.988487761557826
124,aged,03 OB-CR Glut,0.941482463896257
124,aged,04 DG-IMN Glut,0.9785760779133785
124,aged,05 OB-IMN GABA,0.9152677376171352
124,aged,06 CTX-CGE GABA,0.9783057833656689
124,aged,07 CTX-MGE GABA,0.98693589997705
124,aged,09 CNU-LGE GABA,0.9869832224430958
124,aged,11 CNU-HYa GABA,0.9865492416794664
124,aged,12 HY GABA,0.9550526583961847
124,aged,13 CNU-HYa Glut,0.9701623371691163
124,aged,14 HY Glut,0.9675282387774436
124,aged,16 HY MM Glut,0.9775787063049969
124,aged,19 MB Glut,0.9756636314504686
124,aged,20 MB GABA,0.9704506207332918
124,aged,21 MB Dopa,0.9438962989573778
124,aged,22 MB-HB Sero,0.9754373447718695
124,aged,23 P Glut,0.9671409740470021
124,aged,24 MY Glut,0.9783816326899444
124,aged,26 P GABA,0.970817114905772
124,aged,30 Astro-Epen,0.9485601733952354
124,aged,31 OPC-Oligo,0.9604876108825482
124,aged,33 Vascular,0.5778446592306268
124,aged,34 Immune,0.9369570317782872
124,aged,mixture,0.5927807008271475
